"globally unique ID","sample name","analysis/data type","environmental package","sample linkage","broad-scale environmental context","local environmental context","environmental medium","ecosystem","ecosystem_category","ecosystem_type","ecosystem_subtype","specific_ecosystem","slope aspect","history/agrochemical additions","extreme_unusual_properties/Al saturation","extreme_unusual_properties/Al saturation method","mean annual precipitation","mean annual temperature","history/crop rotation","current land use","current vegetation","current vegetation method","drainage classification","experimental factor","history/extreme events","soil_taxonomic/FAO classification","history/fire","history/flooding","extreme_unusual_properties/heavy metals","extreme_unusual_properties/heavy metals method","horizon method","link to classification information","link to climate information","soil_taxonomic/local classification","soil_taxonomic/local classification method","miscellaneous parameter","oxygenation status of sample","history/previous land use method","history/previous land use","profile position","mean seasonal precipitation","mean seasonal temperature","slope gradient","soil horizon","soil texture measurement","soil texture method","soil type","soil type method","temperature","history/tillage","water content","water content method","pH method","microbial biomass","microbial biomass method","carbon/nitrogen ratio","organic matter","organic nitrogen","total carbon","total nitrogen content","total nitrogen content method","total organic carbon","total organic carbon method","total phosphorus","phosphate","salinity","salinity method","growth facility","storage conditions","collection date","geographic location (country and/or sea,region)","geographic location (latitude and longitude)","elevation","sample storage temperature","composite design/sieving","size-fraction lower threshold","depth, meters","size-fraction upper threshold","sample material processing","biotic regimen","sample collection device","sample collection method","air temperature regimen","chemical administration","amount or size of sample collected","climate environment","gaseous environment","humidity regimen","observed biotic relationship","relationship to oxygen","light regimen","watering regimen","altitude","pH","calcium","magnesium","potassium","total nitrogen concentration","lime buffer capacity (at 30 minutes)","lime buffer capacity (after 5 day incubation)","manganese","zinc","ammonium nitrogen","nitrate nitrogen","nitrite nitrogen"
Bio-Scales:3f8322b3-26cc-46eb-9078-238a12388147,BESC-133-CL1_28_16_76,natural organic matter,soil,,anthropogenic terrestrial biome [ENVO:01000219],agricultural field [ENVO:00000114],agricultural soil [ENVO:00002259],Environmental,Terrestrial,Soil,Bulk soil,Agricultural soil,,,,,,,,,,,,,,,,,,,,,,,,,,,,,,,,,,,,,,,,,,,,,,,,,,,,,,,,experimental_garden,fresh,"2020-09-07","USA: Oregon, Clatskanie","46.121307 -123.269236","62 meter","4 C",,,"0.1",,,,,,,,,,,,,,,,,5.07,"2219.35 mg/kg","379.527 mg/kg","441.338 mg/kg","0.419 Percent","1252 ppm","3630.8 ppm","34.6609 mg/kg","5.5536 mg/kg","10.599 mg/kg","27.6905 mg/kg","0 mg/kg"
Bio-Scales:8c2cedf6-e93a-4d67-a2d7-1c43bdde4979,BESC-133-CL2_62_7_103,natural organic matter,soil,,anthropogenic terrestrial biome [ENVO:01000219],agricultural field [ENVO:00000114],agricultural soil [ENVO:00002259],Environmental,Terrestrial,Soil,Bulk soil,Agricultural soil,,,,,,,,,,,,,,,,,,,,,,,,,,,,,,,,,,,,,,,,,,,,,,,,,,,,,,,,experimental_garden,fresh,"2020-09-09","USA: Oregon, Clatskanie","46.121519 -123.270589","62 meter","4 C",,,"0.1",,,,,,,,,,,,,,,,,5.21,"2459.23 mg/kg","476.143 mg/kg","223.981 mg/kg","0.752 Percent","1347 ppm","3906.3 ppm","37.9868 mg/kg","13.3917 mg/kg","17.49 mg/kg","28.0405 mg/kg","0 mg/kg"
Bio-Scales:983116ce-a573-4fdd-bfbd-4a509a81c2e0,BESC-133-CL3_93_10_122,natural organic matter,soil,,anthropogenic terrestrial biome [ENVO:01000219],agricultural field [ENVO:00000114],agricultural soil [ENVO:00002259],Environmental,Terrestrial,Soil,Bulk soil,Agricultural soil,,,,,,,,,,,,,,,,,,,,,,,,,,,,,,,,,,,,,,,,,,,,,,,,,,,,,,,,experimental_garden,fresh,"2020-09-10","USA: Oregon, Clatskanie","46.121447 -123.2718","62 meter","4 C",,,"0.1",,,,,,,,,,,,,,,,,6.13,"2846.2 mg/kg","584.535 mg/kg","293.535 mg/kg","0.275 Percent","907 ppm","2630.3 ppm","47.9096 mg/kg","12.4877 mg/kg","7.2585 mg/kg","24.361 mg/kg","0.565 mg/kg"
Bio-Scales:d8284aff-d30e-4850-92a3-56d5a597b3a9,BESC-133-CO1_27_3_17,natural organic matter,soil,,anthropogenic terrestrial biome [ENVO:01000219],agricultural field [ENVO:00000114],agricultural soil [ENVO:00002259],Environmental,Terrestrial,Soil,Bulk soil,Agricultural soil,,,,,,,,,,,,,,,,,,,,,,,,,,,,,,,,,,,,,,,,,,,,,,,,,,,,,,,,experimental_garden,fresh,"2020-09-02","USA: Oregon, Corvallis","44.588014 -123.194065","62 meter","4 C",,,"0.1",,,,,,,,,,,,,,,,,7,"2625.84 mg/kg","536.746 mg/kg","168.928 mg/kg","0.366 Percent","713 ppm","2067.7 ppm","56.4224 mg/kg","4.429 mg/kg","3.8115 mg/kg","0.4135 mg/kg","0 mg/kg"
Bio-Scales:06687623-9797-4e5b-a038-6a6cb51895f8,BESC-133-CO1_27_3_18,natural organic matter,soil,,anthropogenic terrestrial biome [ENVO:01000219],agricultural field [ENVO:00000114],agricultural soil [ENVO:00002259],Environmental,Terrestrial,Soil,Bulk soil,Agricultural soil,,,,,,,,,,,,,,,,,,,,,,,,,,,,,,,,,,,,,,,,,,,,,,,,,,,,,,,,experimental_garden,fresh,"2020-09-02","USA: Oregon, Corvallis","44.588014 -123.194065","62 meter","4 C",,,"0.1",,,,,,,,,,,,,,,,,7.07,"2689.35 mg/kg","575.398 mg/kg","171.439 mg/kg","0.323 Percent","709 ppm","2056.1 ppm","56.1875 mg/kg","6.3205 mg/kg","4.1305 mg/kg","0.516 mg/kg","0 mg/kg"
Bio-Scales:d5571e0e-0f95-4a9b-a922-508dfe76460c,BESC-133-CO2_50_25_38,natural organic matter,soil,,anthropogenic terrestrial biome [ENVO:01000219],agricultural field [ENVO:00000114],agricultural soil [ENVO:00002259],Environmental,Terrestrial,Soil,Bulk soil,Agricultural soil,,,,,,,,,,,,,,,,,,,,,,,,,,,,,,,,,,,,,,,,,,,,,,,,,,,,,,,,experimental_garden,fresh,"2020-09-05","USA: Oregon, Corvallis","44.587694 -123.193368","62 meter","4 C",,,"0.1",,,,,,,,,,,,,,,,,7.18,"1860.34 mg/kg","337.385 mg/kg","499.004 mg/kg","0.081 Percent","378 ppm","1096.2 ppm","16.0681 mg/kg","4.2715 mg/kg","2.998 mg/kg","0.318 mg/kg","0 mg/kg"
Bio-Scales:b26b61c0-3553-4008-ae2c-6f5d881962e5,BESC-133-CO3_19_46_58,natural organic matter,soil,,anthropogenic terrestrial biome [ENVO:01000219],agricultural field [ENVO:00000114],agricultural soil [ENVO:00002259],Environmental,Terrestrial,Soil,Bulk soil,Agricultural soil,,,,,,,,,,,,,,,,,,,,,,,,,,,,,,,,,,,,,,,,,,,,,,,,,,,,,,,,experimental_garden,fresh,"2020-09-04","USA: Oregon, Corvallis","44.588118 -123.192766","62 meter","4 C",,,"0.1",,,,,,,,,,,,,,,,,6.64,"2240.05 mg/kg","435.555 mg/kg","160.591 mg/kg","0.11 Percent","547 ppm","1586.3 ppm","22.0105 mg/kg","2.2636 mg/kg","3.1565 mg/kg","2.1515 mg/kg","0 mg/kg"
Bio-Scales:b2237826-e0f4-4900-92a0-db236c097c4d,BESC-13-CL1_35_33_79,natural organic matter,soil,,anthropogenic terrestrial biome [ENVO:01000219],agricultural field [ENVO:00000114],agricultural soil [ENVO:00002259],Environmental,Terrestrial,Soil,Bulk soil,Agricultural soil,,,,,,,,,,,,,,,,,,,,,,,,,,,,,,,,,,,,,,,,,,,,,,,,,,,,,,,,experimental_garden,fresh,"2020-09-08","USA: Oregon, Clatskanie","46.120845 -123.269575","62 meter","4 C",,,"0.1",,,,,,,,,,,,,,,,,5.58,"2561.92 mg/kg","505.921 mg/kg","314.649 mg/kg","0.337 Percent","1138 ppm","3300.2 ppm","64.4016 mg/kg","10.2429 mg/kg","8.3295 mg/kg","27.324 mg/kg","0 mg/kg"
Bio-Scales:8b4a3fb8-2780-4545-9da5-a8505e6a58fa,BESC-13-CL2_39_29_106,natural organic matter,soil,,anthropogenic terrestrial biome [ENVO:01000219],agricultural field [ENVO:00000114],agricultural soil [ENVO:00002259],Environmental,Terrestrial,Soil,Bulk soil,Agricultural soil,,,,,,,,,,,,,,,,,,,,,,,,,,,,,,,,,,,,,,,,,,,,,,,,,,,,,,,,experimental_garden,fresh,"2020-09-08","USA: Oregon, Clatskanie","46.120936 -123.269747","62 meter","4 C",,,"0.1",,,,,,,,,,,,,,,,,5.52,"2480.86 mg/kg","514.993 mg/kg","395.775 mg/kg","0.302 Percent","1113 ppm","3227.7 ppm","56.7257 mg/kg","9.496 mg/kg","10.46 mg/kg","25.197 mg/kg","0 mg/kg"
Bio-Scales:0784ac99-10b6-442f-a9b0-398b64c8a7e8,BESC-13-CL2_39_29_107,natural organic matter,soil,,anthropogenic terrestrial biome [ENVO:01000219],agricultural field [ENVO:00000114],agricultural soil [ENVO:00002259],Environmental,Terrestrial,Soil,Bulk soil,Agricultural soil,,,,,,,,,,,,,,,,,,,,,,,,,,,,,,,,,,,,,,,,,,,,,,,,,,,,,,,,experimental_garden,fresh,"2020-09-08","USA: Oregon, Clatskanie","46.120936 -123.269747","62 meter","4 C",,,"0.1",,,,,,,,,,,,,,,,,5.49,"2692.19 mg/kg","572.539 mg/kg","480.125 mg/kg","0.341 Percent","1173 ppm","3401.7 ppm","58.5205 mg/kg","11.2205 mg/kg","9.7815 mg/kg","25.337 mg/kg","0 mg/kg"
Bio-Scales:ea47bb9b-2e4d-4da7-912b-b325cd4e7089,BESC-13-CL3_85_26_123,natural organic matter,soil,,anthropogenic terrestrial biome [ENVO:01000219],agricultural field [ENVO:00000114],agricultural soil [ENVO:00002259],Environmental,Terrestrial,Soil,Bulk soil,Agricultural soil,,,,,,,,,,,,,,,,,,,,,,,,,,,,,,,,,,,,,,,,,,,,,,,,,,,,,,,,experimental_garden,fresh,"2020-09-10","USA: Oregon, Clatskanie","46.120985 -123.271523","62 meter","4 C",,,"0.1",,,,,,,,,,,,,,,,,5.34,"2413.19 mg/kg","410.271 mg/kg","220.011 mg/kg","0.311 Percent","1147 ppm","3326.3 ppm","42.7143 mg/kg","5.7071 mg/kg","7.472 mg/kg","15.6745 mg/kg","0 mg/kg"
Bio-Scales:bd757b44-dd36-4c68-b4da-ecdc072f289a,BESC-13-CL3_85_26_124,natural organic matter,soil,,anthropogenic terrestrial biome [ENVO:01000219],agricultural field [ENVO:00000114],agricultural soil [ENVO:00002259],Environmental,Terrestrial,Soil,Bulk soil,Agricultural soil,,,,,,,,,,,,,,,,,,,,,,,,,,,,,,,,,,,,,,,,,,,,,,,,,,,,,,,,experimental_garden,fresh,"2020-09-10","USA: Oregon, Clatskanie","46.120985 -123.271523","62 meter","4 C",,,"0.1",,,,,,,,,,,,,,,,,5.45,"2560.03 mg/kg","473.952 mg/kg","281.533 mg/kg","0.322 Percent","952 ppm","2760.8 ppm","49.359 mg/kg","7.4091 mg/kg","7.145 mg/kg","18.9885 mg/kg","0 mg/kg"
Bio-Scales:072a509f-0d53-4b3b-90b7-4e1d1371ba44,BESC-13-CO1_30_3_20,natural organic matter,soil,,anthropogenic terrestrial biome [ENVO:01000219],agricultural field [ENVO:00000114],agricultural soil [ENVO:00002259],Environmental,Terrestrial,Soil,Bulk soil,Agricultural soil,,,,,,,,,,,,,,,,,,,,,,,,,,,,,,,,,,,,,,,,,,,,,,,,,,,,,,,,experimental_garden,fresh,"2020-09-03","USA: Oregon, Corvallis","44.587973 -123.19406","62 meter","4 C",,,"0.1",,,,,,,,,,,,,,,,,6.57,"2229.22 mg/kg","440.445 mg/kg","383.201 mg/kg","0.328 Percent","619 ppm","1795.1 ppm","20.3272 mg/kg","2.1278 mg/kg","5.0705 mg/kg","3.004 mg/kg","0 mg/kg"
Bio-Scales:b077e996-f30a-4229-a9c9-407d87cd33f0,BESC-13-CO2_41_23_40,natural organic matter,soil,,anthropogenic terrestrial biome [ENVO:01000219],agricultural field [ENVO:00000114],agricultural soil [ENVO:00002259],Environmental,Terrestrial,Soil,Bulk soil,Agricultural soil,,,,,,,,,,,,,,,,,,,,,,,,,,,,,,,,,,,,,,,,,,,,,,,,,,,,,,,,experimental_garden,fresh,"2020-09-04","USA: Oregon, Corvallis","44.587823 -123.193444","62 meter","4 C",,,"0.1",,,,,,,,,,,,,,,,,6.71,"2453.12 mg/kg","435.482 mg/kg","313.501 mg/kg","0.166 Percent","597 ppm","1731.3 ppm","24.2299 mg/kg","5.016 mg/kg","4.1705 mg/kg","0 mg/kg","0 mg/kg"
Bio-Scales:755b7a5b-6421-4a31-b7c9-82537436983c,BESC-13-CO3_21_57_61,natural organic matter,soil,,anthropogenic terrestrial biome [ENVO:01000219],agricultural field [ENVO:00000114],agricultural soil [ENVO:00002259],Environmental,Terrestrial,Soil,Bulk soil,Agricultural soil,,,,,,,,,,,,,,,,,,,,,,,,,,,,,,,,,,,,,,,,,,,,,,,,,,,,,,,,experimental_garden,fresh,"2020-09-04","USA: Oregon, Corvallis","44.588088 -123.192429","62 meter","4 C",,,"0.1",,,,,,,,,,,,,,,,,6.64,"2272.29 mg/kg","509.772 mg/kg","140.475 mg/kg","0.194 Percent","744 ppm","2157.6 ppm","24.528 mg/kg","2.8673 mg/kg","3.519 mg/kg","0.2795 mg/kg","0 mg/kg"
Bio-Scales:a39ff708-fef7-4323-8bf2-188014e324fc,BESC-198-CL2_38_5_80,natural organic matter,soil,,anthropogenic terrestrial biome [ENVO:01000219],agricultural field [ENVO:00000114],agricultural soil [ENVO:00002259],Environmental,Terrestrial,Soil,Bulk soil,Agricultural soil,,,,,,,,,,,,,,,,,,,,,,,,,,,,,,,,,,,,,,,,,,,,,,,,,,,,,,,,experimental_garden,fresh,"2020-09-11","USA: Oregon, Clatskanie","46.121586 -123.269608","62 meter","4 C",,,"0.1",,,,,,,,,,,,,,,,,5.21,"2413.7 mg/kg","421.954 mg/kg","231.502 mg/kg","0.633 Percent","1527 ppm","4428.3 ppm","29.5671 mg/kg","7.652 mg/kg","16.1475 mg/kg","20.049 mg/kg","0 mg/kg"
Bio-Scales:eb166603-8b23-4b11-affc-ff35819e13dd,BESC-198-CL3_81_33_108,natural organic matter,soil,,anthropogenic terrestrial biome [ENVO:01000219],agricultural field [ENVO:00000114],agricultural soil [ENVO:00002259],Environmental,Terrestrial,Soil,Bulk soil,Agricultural soil,,,,,,,,,,,,,,,,,,,,,,,,,,,,,,,,,,,,,,,,,,,,,,,,,,,,,,,,experimental_garden,fresh,"2020-09-12","USA: Oregon, Clatskanie","46.120803 -123.271378","62 meter","4 C",,,"0.1",,,,,,,,,,,,,,,,,5.48,"2831.11 mg/kg","472.697 mg/kg","420.875 mg/kg","0.363 Percent","1090 ppm","3161 ppm","60.8382 mg/kg","9.8456 mg/kg","9.483 mg/kg","14.482 mg/kg","0 mg/kg"
Bio-Scales:b10e96ca-3067-4654-962f-4ff127439e65,BESC-234-CL1_24_28_77,natural organic matter,soil,,anthropogenic terrestrial biome [ENVO:01000219],agricultural field [ENVO:00000114],agricultural soil [ENVO:00002259],Environmental,Terrestrial,Soil,Bulk soil,Agricultural soil,,,,,,,,,,,,,,,,,,,,,,,,,,,,,,,,,,,,,,,,,,,,,,,,,,,,,,,,experimental_garden,fresh,"2020-09-07","USA: Oregon, Clatskanie","46.120986 -123.26911","62 meter","4 C",,,"0.1",,,,,,,,,,,,,,,,,5.82,"3105.88 mg/kg","488.095 mg/kg","227.611 mg/kg","0.324 Percent","1044 ppm","3027.6 ppm","69.8454 mg/kg","13.4053 mg/kg","8.712 mg/kg","29.8005 mg/kg","0 mg/kg"
Bio-Scales:18b3f027-eccb-431d-a1b7-698c36439e72,BESC-234-CL1_24_28_78,natural organic matter,soil,,anthropogenic terrestrial biome [ENVO:01000219],agricultural field [ENVO:00000114],agricultural soil [ENVO:00002259],Environmental,Terrestrial,Soil,Bulk soil,Agricultural soil,,,,,,,,,,,,,,,,,,,,,,,,,,,,,,,,,,,,,,,,,,,,,,,,,,,,,,,,experimental_garden,fresh,"2020-09-07","USA: Oregon, Clatskanie","46.120986 -123.26911","62 meter","4 C",,,"0.1",,,,,,,,,,,,,,,,,5.88,"3142.88 mg/kg","497.042 mg/kg","236.02 mg/kg","0.335 Percent","926 ppm","2685.4 ppm","68.424 mg/kg","13.7739 mg/kg","9.0625 mg/kg","29.4905 mg/kg","0 mg/kg"
Bio-Scales:1fb44676-8bb0-402d-a635-7b4b7d185cce,BESC-234-CL2_65_22_105,natural organic matter,soil,,anthropogenic terrestrial biome [ENVO:01000219],agricultural field [ENVO:00000114],agricultural soil [ENVO:00002259],Environmental,Terrestrial,Soil,Bulk soil,Agricultural soil,,,,,,,,,,,,,,,,,,,,,,,,,,,,,,,,,,,,,,,,,,,,,,,,,,,,,,,,experimental_garden,fresh,"2020-09-09","USA: Oregon, Clatskanie","46.121006 -123.270477","62 meter","4 C",,,"0.1",,,,,,,,,,,,,,,,,5.41,"2774.35 mg/kg","578.148 mg/kg","168.2 mg/kg","0.598 Percent","1090 ppm","3161 ppm","48.0908 mg/kg","13.1545 mg/kg","14.5245 mg/kg","20.401 mg/kg","0 mg/kg"
Bio-Scales:13401eb6-3279-4667-8911-f412d3b81779,BESC-234-CO1_23_3_19,natural organic matter,soil,,anthropogenic terrestrial biome [ENVO:01000219],agricultural field [ENVO:00000114],agricultural soil [ENVO:00002259],Environmental,Terrestrial,Soil,Bulk soil,Agricultural soil,,,,,,,,,,,,,,,,,,,,,,,,,,,,,,,,,,,,,,,,,,,,,,,,,,,,,,,,experimental_garden,fresh,"2020-09-02","USA: Oregon, Corvallis","44.58807 -123.194072","62 meter","4 C",,,"0.1",,,,,,,,,,,,,,,,,6.85,"2498.43 mg/kg","485.077 mg/kg","219.265 mg/kg","0.34 Percent","594 ppm","1722.6 ppm","28.6011 mg/kg","4.1569 mg/kg","3.014 mg/kg","0.2345 mg/kg","0 mg/kg"
Bio-Scales:3515d585-8548-40ba-b18f-95cc184ec0db,BESC-234-CO2_52_27_39,natural organic matter,soil,,anthropogenic terrestrial biome [ENVO:01000219],agricultural field [ENVO:00000114],agricultural soil [ENVO:00002259],Environmental,Terrestrial,Soil,Bulk soil,Agricultural soil,,,,,,,,,,,,,,,,,,,,,,,,,,,,,,,,,,,,,,,,,,,,,,,,,,,,,,,,experimental_garden,fresh,"2020-09-05","USA: Oregon, Corvallis","44.587669 -123.193301","62 meter","4 C",,,"0.1",,,,,,,,,,,,,,,,,6.78,"1673.1 mg/kg","331.686 mg/kg","146.784 mg/kg","0.063 Percent","352 ppm","1020.8 ppm","10.6006 mg/kg","2.0413 mg/kg","1.616 mg/kg","0.863 mg/kg","0 mg/kg"
Bio-Scales:fcdd52cd-c2e9-4238-abd1-da7867476f63,BESC-234-CO3_21_62_59,natural organic matter,soil,,anthropogenic terrestrial biome [ENVO:01000219],agricultural field [ENVO:00000114],agricultural soil [ENVO:00002259],Environmental,Terrestrial,Soil,Bulk soil,Agricultural soil,,,,,,,,,,,,,,,,,,,,,,,,,,,,,,,,,,,,,,,,,,,,,,,,,,,,,,,,experimental_garden,fresh,"2020-09-04","USA: Oregon, Corvallis","44.588086 -123.192277","62 meter","4 C",,,"0.1",,,,,,,,,,,,,,,,,7.02,"2801.61 mg/kg","532.26 mg/kg","182.487 mg/kg","0.2 Percent","770 ppm","2233 ppm","36.8497 mg/kg","7.6784 mg/kg","4.1675 mg/kg","1.459 mg/kg","0.98 mg/kg"
Bio-Scales:2c2ba04c-d69b-4ccb-b884-6451ed1a2306,BESC-234-CO3_21_62_60,natural organic matter,soil,,anthropogenic terrestrial biome [ENVO:01000219],agricultural field [ENVO:00000114],agricultural soil [ENVO:00002259],Environmental,Terrestrial,Soil,Bulk soil,Agricultural soil,,,,,,,,,,,,,,,,,,,,,,,,,,,,,,,,,,,,,,,,,,,,,,,,,,,,,,,,experimental_garden,fresh,"2020-09-04","USA: Oregon, Corvallis","44.588086 -123.192277","62 meter","4 C",,,"0.1",,,,,,,,,,,,,,,,,7.07,"2946.31 mg/kg","568.288 mg/kg","201.367 mg/kg","0.2 Percent","821 ppm","2380.9 ppm","35.6361 mg/kg","7.7941 mg/kg","4.6925 mg/kg","3.8945 mg/kg","2.8925 mg/kg"
Bio-Scales:b83d091d-cde6-41c9-abfa-d40a5c3fd444,BESC-258-CL1_34_5_62,natural organic matter,soil,,anthropogenic terrestrial biome [ENVO:01000219],agricultural field [ENVO:00000114],agricultural soil [ENVO:00002259],Environmental,Terrestrial,Soil,Bulk soil,Agricultural soil,,,,,,,,,,,,,,,,,,,,,,,,,,,,,,,,,,,,,,,,,,,,,,,,,,,,,,,,experimental_garden,fresh,"2020-09-11","USA: Oregon, Clatskanie","46.121608 -123.269447","62 meter","4 C",,,"0.1",,,,,,,,,,,,,,,,,5.12,"1510 mg/kg","235.425 mg/kg","217.438 mg/kg","0.688 Percent","1566 ppm","4541.4 ppm","21.7039 mg/kg","6.1502 mg/kg","25.639 mg/kg","25.9235 mg/kg","0 mg/kg"
Bio-Scales:11d985bb-57cf-4a77-ab65-f4380c348899,BESC-258-CL2_67_23_81,natural organic matter,soil,,anthropogenic terrestrial biome [ENVO:01000219],agricultural field [ENVO:00000114],agricultural soil [ENVO:00002259],Environmental,Terrestrial,Soil,Bulk soil,Agricultural soil,,,,,,,,,,,,,,,,,,,,,,,,,,,,,,,,,,,,,,,,,,,,,,,,,,,,,,,,experimental_garden,fresh,"2020-09-12","USA: Oregon, Clatskanie","46.121096 -123.270783","62 meter","4 C",,,"0.1",,,,,,,,,,,,,,,,,5.3,"2551.59 mg/kg","545.537 mg/kg","168.066 mg/kg","0.501 Percent","1366 ppm","3961.4 ppm","35.7655 mg/kg","7.9568 mg/kg","16.277 mg/kg","12.6325 mg/kg","0 mg/kg"
Bio-Scales:f6c3ffb2-5433-458c-8c3f-4cef94c989b5,BESC-285-CL1_33_12_63,natural organic matter,soil,,anthropogenic terrestrial biome [ENVO:01000219],agricultural field [ENVO:00000114],agricultural soil [ENVO:00002259],Environmental,Terrestrial,Soil,Bulk soil,Agricultural soil,,,,,,,,,,,,,,,,,,,,,,,,,,,,,,,,,,,,,,,,,,,,,,,,,,,,,,,,experimental_garden,fresh,"2020-09-11","USA: Oregon, Clatskanie","46.1214 -123.26946","62 meter","4 C",,,"0.1",,,,,,,,,,,,,,,,,4.88,"1828.16 mg/kg","313.425 mg/kg","136.782 mg/kg","0.545 Percent","1791 ppm","5193.9 ppm","30.5113 mg/kg","4.8124 mg/kg","16.687 mg/kg","8.8145 mg/kg","0 mg/kg"
Bio-Scales:f4e2ff44-b922-4b93-aff6-a6d1bbdb089f,BESC-285-CL2_56_7_82,natural organic matter,soil,,anthropogenic terrestrial biome [ENVO:01000219],agricultural field [ENVO:00000114],agricultural soil [ENVO:00002259],Environmental,Terrestrial,Soil,Bulk soil,Agricultural soil,,,,,,,,,,,,,,,,,,,,,,,,,,,,,,,,,,,,,,,,,,,,,,,,,,,,,,,,experimental_garden,fresh,"2020-09-11","USA: Oregon, Clatskanie","46.121529 -123.27034","62 meter","4 C",,,"0.1",,,,,,,,,,,,,,,,,4.96,"2120.86 mg/kg","401.422 mg/kg","125.15 mg/kg","0.581 Percent","1700 ppm","4930 ppm","32.171 mg/kg","7.6781 mg/kg","13.4125 mg/kg","21.445 mg/kg","0 mg/kg"
Bio-Scales:9b3060d8-b255-4e08-a222-2b873f86b86b,BESC-307-CL1_26_33_64,natural organic matter,soil,,anthropogenic terrestrial biome [ENVO:01000219],agricultural field [ENVO:00000114],agricultural soil [ENVO:00002259],Environmental,Terrestrial,Soil,Bulk soil,Agricultural soil,,,,,,,,,,,,,,,,,,,,,,,,,,,,,,,,,,,,,,,,,,,,,,,,,,,,,,,,experimental_garden,fresh,"2020-09-07","USA: Oregon, Clatskanie","46.120839 -123.269219","62 meter","4 C",,,"0.1",,,,,,,,,,,,,,,,,5.94,"2495.69 mg/kg","416.181 mg/kg","315.498 mg/kg","0.303 Percent","938 ppm","2720.2 ppm","47.2246 mg/kg","7.9155 mg/kg","31.937 mg/kg","12.513 mg/kg","6.595 mg/kg"
Bio-Scales:49f38612-e282-4109-bd4f-79f2d8711b8d,BESC-307-CL2_57_8_83,natural organic matter,soil,,anthropogenic terrestrial biome [ENVO:01000219],agricultural field [ENVO:00000114],agricultural soil [ENVO:00002259],Environmental,Terrestrial,Soil,Bulk soil,Agricultural soil,,,,,,,,,,,,,,,,,,,,,,,,,,,,,,,,,,,,,,,,,,,,,,,,,,,,,,,,experimental_garden,fresh,"2020-09-08","USA: Oregon, Clatskanie","46.121462 -123.270441","62 meter","4 C",,,"0.1",,,,,,,,,,,,,,,,,5.14,"2080.8 mg/kg","364.457 mg/kg","115.882 mg/kg","0.492 Percent","1402 ppm","4065.8 ppm","24.2913 mg/kg","7.6471 mg/kg","9.5985 mg/kg","14.7365 mg/kg","0 mg/kg"
Bio-Scales:dd08be10-d285-487c-ba64-54be22214020,BESC-307-CL2_57_8_84,natural organic matter,soil,,anthropogenic terrestrial biome [ENVO:01000219],agricultural field [ENVO:00000114],agricultural soil [ENVO:00002259],Environmental,Terrestrial,Soil,Bulk soil,Agricultural soil,,,,,,,,,,,,,,,,,,,,,,,,,,,,,,,,,,,,,,,,,,,,,,,,,,,,,,,,experimental_garden,fresh,"2020-09-08","USA: Oregon, Clatskanie","46.121462 -123.270441","62 meter","4 C",,,"0.1",,,,,,,,,,,,,,,,,5.13,"2340.13 mg/kg","417.05 mg/kg","119.436 mg/kg","0.511 Percent","1594 ppm","4622.6 ppm","31.9293 mg/kg","8.8666 mg/kg","11.584 mg/kg","16.9025 mg/kg","0 mg/kg"
Bio-Scales:ea3a2cdd-9423-4c37-acbe-433c8512a2ad,BESC-307-CO1_31_6_1,natural organic matter,soil,,anthropogenic terrestrial biome [ENVO:01000219],agricultural field [ENVO:00000114],agricultural soil [ENVO:00002259],Environmental,Terrestrial,Soil,Bulk soil,Agricultural soil,,,,,,,,,,,,,,,,,,,,,,,,,,,,,,,,,,,,,,,,,,,,,,,,,,,,,,,,experimental_garden,fresh,"2020-09-05","USA: Oregon, Corvallis","44.587958 -123.193966","62 meter","4 C",,,"0.1",,,,,,,,,,,,,,,,,6.68,"2232.42 mg/kg","458.483 mg/kg","220.794 mg/kg","0.378 Percent","543 ppm","1574.7 ppm","20.2892 mg/kg","2.3346 mg/kg","2.8415 mg/kg","0.6115 mg/kg","0 mg/kg"
Bio-Scales:d7376cbd-020c-45c1-8abf-152f02b6a5da,BESC-307-CO2_62_14_21,natural organic matter,soil,,anthropogenic terrestrial biome [ENVO:01000219],agricultural field [ENVO:00000114],agricultural soil [ENVO:00002259],Environmental,Terrestrial,Soil,Bulk soil,Agricultural soil,,,,,,,,,,,,,,,,,,,,,,,,,,,,,,,,,,,,,,,,,,,,,,,,,,,,,,,,experimental_garden,fresh,"2020-09-04","USA: Oregon, Corvallis","44.587539 -123.193689","62 meter","4 C",,,"0.1",,,,,,,,,,,,,,,,,6.18,"1629.03 mg/kg","363.029 mg/kg","183.422 mg/kg","0.254 Percent","465 ppm","1348.5 ppm","32.4044 mg/kg","2.7511 mg/kg","5.292 mg/kg","0.345 mg/kg","0 mg/kg"
Bio-Scales:70b1bb75-9de3-4fd9-9a14-0b4ec2930278,BESC-307-CO3_27_41_41,natural organic matter,soil,,anthropogenic terrestrial biome [ENVO:01000219],agricultural field [ENVO:00000114],agricultural soil [ENVO:00002259],Environmental,Terrestrial,Soil,Bulk soil,Agricultural soil,,,,,,,,,,,,,,,,,,,,,,,,,,,,,,,,,,,,,,,,,,,,,,,,,,,,,,,,experimental_garden,fresh,"2020-09-04","USA: Oregon, Corvallis","44.588011 -123.192906","62 meter","4 C",,,"0.1",,,,,,,,,,,,,,,,,6.23,"2596 mg/kg","456.241 mg/kg","154.895 mg/kg","0.172 Percent","725 ppm","2102.5 ppm","25.9704 mg/kg","2.112 mg/kg","4.844 mg/kg","2.1 mg/kg","0.4245 mg/kg"
Bio-Scales:73927179-78fd-4265-9f20-8afe87833494,BESC-307-CO3_27_41_42,natural organic matter,soil,,anthropogenic terrestrial biome [ENVO:01000219],agricultural field [ENVO:00000114],agricultural soil [ENVO:00002259],Environmental,Terrestrial,Soil,Bulk soil,Agricultural soil,,,,,,,,,,,,,,,,,,,,,,,,,,,,,,,,,,,,,,,,,,,,,,,,,,,,,,,,experimental_garden,fresh,"2020-09-04","USA: Oregon, Corvallis","44.588011 -123.192906","62 meter","4 C",,,"0.1",,,,,,,,,,,,,,,,,6.62,"2477.56 mg/kg","485.365 mg/kg","257.767 mg/kg","0.17 Percent","675 ppm","1957.5 ppm","27.5555 mg/kg","2.7486 mg/kg","3.956 mg/kg","1.6095 mg/kg","0 mg/kg"
Bio-Scales:e35524e7-ad3c-418d-9567-6bc20f38c679,BESC-331-CL2_55_18_85,natural organic matter,soil,,anthropogenic terrestrial biome [ENVO:01000219],agricultural field [ENVO:00000114],agricultural soil [ENVO:00002259],Environmental,Terrestrial,Soil,Bulk soil,Agricultural soil,,,,,,,,,,,,,,,,,,,,,,,,,,,,,,,,,,,,,,,,,,,,,,,,,,,,,,,,experimental_garden,fresh,"2020-09-08","USA: Oregon, Clatskanie","46.121253 -123.270368","62 meter","4 C",,,"0.1",,,,,,,,,,,,,,,,,4.96,"2093.64 mg/kg","374.933 mg/kg","69.5327 mg/kg","0.565 Percent","1364 ppm","3955.6 ppm","37.4526 mg/kg","6.1641 mg/kg","14.06 mg/kg","13.3625 mg/kg","0 mg/kg"
Bio-Scales:0ed2efb8-9339-4fc2-b9bf-8c5145796143,BESC-331-CO1_12_7_2,natural organic matter,soil,,anthropogenic terrestrial biome [ENVO:01000219],agricultural field [ENVO:00000114],agricultural soil [ENVO:00002259],Environmental,Terrestrial,Soil,Bulk soil,Agricultural soil,,,,,,,,,,,,,,,,,,,,,,,,,,,,,,,,,,,,,,,,,,,,,,,,,,,,,,,,experimental_garden,fresh,"2020-09-04","USA: Oregon, Corvallis","44.588222 -123.193963","62 meter","4 C",,,"0.1",,,,,,,,,,,,,,,,,6.62,"2432.99 mg/kg","447.272 mg/kg","208.872 mg/kg","0.397 Percent","559 ppm","1621.1 ppm","22.3931 mg/kg","2.4071 mg/kg","3.5105 mg/kg","0.746 mg/kg","0 mg/kg"
Bio-Scales:21ae3418-545e-46a6-addb-dcdb38c3a8f9,BESC-331-CO2_50_17_22,natural organic matter,soil,,anthropogenic terrestrial biome [ENVO:01000219],agricultural field [ENVO:00000114],agricultural soil [ENVO:00002259],Environmental,Terrestrial,Soil,Bulk soil,Agricultural soil,,,,,,,,,,,,,,,,,,,,,,,,,,,,,,,,,,,,,,,,,,,,,,,,,,,,,,,,experimental_garden,fresh,"2020-09-04","USA: Oregon, Corvallis","44.587702 -123.193614","62 meter","4 C",,,"0.1",,,,,,,,,,,,,,,,,6.92,"2152.42 mg/kg","418.21 mg/kg","449.091 mg/kg","0.335 Percent","448 ppm","1299.2 ppm","17.8597 mg/kg","3.3915 mg/kg","2.0665 mg/kg","1.1235 mg/kg","0 mg/kg"
Bio-Scales:a5a2449f-f51f-44a5-9319-c8308a9c7403,BESC-331-CO3_15_40_43,natural organic matter,soil,,anthropogenic terrestrial biome [ENVO:01000219],agricultural field [ENVO:00000114],agricultural soil [ENVO:00002259],Environmental,Terrestrial,Soil,Bulk soil,Agricultural soil,,,,,,,,,,,,,,,,,,,,,,,,,,,,,,,,,,,,,,,,,,,,,,,,,,,,,,,,experimental_garden,fresh,"2020-09-04","USA: Oregon, Corvallis","44.588172 -123.19295","62 meter","4 C",,,"0.1",,,,,,,,,,,,,,,,,6.95,"2511.03 mg/kg","502.777 mg/kg","315.919 mg/kg","0.131 Percent","617 ppm","1789.3 ppm","26.6171 mg/kg","4.0774 mg/kg","2.6825 mg/kg","0 mg/kg","0 mg/kg"
Bio-Scales:c371fd3b-15a7-429a-b4e8-c96ac2c0866d,BESC-351-CL1_27_10_65,natural organic matter,soil,,anthropogenic terrestrial biome [ENVO:01000219],agricultural field [ENVO:00000114],agricultural soil [ENVO:00002259],Environmental,Terrestrial,Soil,Bulk soil,Agricultural soil,,,,,,,,,,,,,,,,,,,,,,,,,,,,,,,,,,,,,,,,,,,,,,,,,,,,,,,,experimental_garden,fresh,"2020-09-07","USA: Oregon, Clatskanie","46.121413 -123.269199","62 meter","4 C",,,"0.1",,,,,,,,,,,,,,,,,5.06,"2025.13 mg/kg","337.671 mg/kg","261.145 mg/kg","0.428 Percent","1650 ppm","4785 ppm","30.3617 mg/kg","6.2026 mg/kg","13.3995 mg/kg","15.848 mg/kg","0.2485 mg/kg"
Bio-Scales:2444715f-d66a-4360-8c86-9dcef9148c75,BESC-351-CL1_27_10_66,natural organic matter,soil,,anthropogenic terrestrial biome [ENVO:01000219],agricultural field [ENVO:00000114],agricultural soil [ENVO:00002259],Environmental,Terrestrial,Soil,Bulk soil,Agricultural soil,,,,,,,,,,,,,,,,,,,,,,,,,,,,,,,,,,,,,,,,,,,,,,,,,,,,,,,,experimental_garden,fresh,"2020-09-07","USA: Oregon, Clatskanie","46.121413 -123.269199","62 meter","4 C",,,"0.1",,,,,,,,,,,,,,,,,5.06,"1988.48 mg/kg","321.64 mg/kg","268.979 mg/kg","0.421 Percent","1407 ppm","4080.3 ppm","29.052 mg/kg","5.7829 mg/kg","12.638 mg/kg","15.752 mg/kg","0 mg/kg"
Bio-Scales:7dc5147c-3e49-418a-bce2-63aef3fbe588,BESC-351-CL2_54_28_86,natural organic matter,soil,,anthropogenic terrestrial biome [ENVO:01000219],agricultural field [ENVO:00000114],agricultural soil [ENVO:00002259],Environmental,Terrestrial,Soil,Bulk soil,Agricultural soil,,,,,,,,,,,,,,,,,,,,,,,,,,,,,,,,,,,,,,,,,,,,,,,,,,,,,,,,experimental_garden,fresh,"2020-09-08","USA: Oregon, Clatskanie","46.120945 -123.270302","62 meter","4 C",,,"0.1",,,,,,,,,,,,,,,,,5.14,"1841.93 mg/kg","331.5 mg/kg","113.561 mg/kg","0.47 Percent","1228 ppm","3561.2 ppm","34.8639 mg/kg","5.2868 mg/kg","9.5715 mg/kg","12.874 mg/kg","0 mg/kg"
Bio-Scales:1b5f600c-63d3-410b-9a6d-4900724da60d,BESC-351-CL3_84_27_109,natural organic matter,soil,,anthropogenic terrestrial biome [ENVO:01000219],agricultural field [ENVO:00000114],agricultural soil [ENVO:00002259],Environmental,Terrestrial,Soil,Bulk soil,Agricultural soil,,,,,,,,,,,,,,,,,,,,,,,,,,,,,,,,,,,,,,,,,,,,,,,,,,,,,,,,experimental_garden,fresh,"2020-09-10","USA: Oregon, Clatskanie","46.120965 -123.271442","62 meter","4 C",,,"0.1",,,,,,,,,,,,,,,,,5.48,"2431.98 mg/kg","453.022 mg/kg","203.463 mg/kg","0.344 Percent","1194 ppm","3462.6 ppm","47.7638 mg/kg","8.435 mg/kg","8.988 mg/kg","10.5655 mg/kg","0 mg/kg"
Bio-Scales:e75a8df7-60ab-474d-8893-15d94d5ecf4b,BESC-351-CO1_10_3_3,natural organic matter,soil,,anthropogenic terrestrial biome [ENVO:01000219],agricultural field [ENVO:00000114],agricultural soil [ENVO:00002259],Environmental,Terrestrial,Soil,Bulk soil,Agricultural soil,,,,,,,,,,,,,,,,,,,,,,,,,,,,,,,,,,,,,,,,,,,,,,,,,,,,,,,,experimental_garden,fresh,"2020-09-03","USA: Oregon, Corvallis","44.588248 -123.19409","62 meter","4 C",,,"0.1",,,,,,,,,,,,,,,,,6.61,"2448.33 mg/kg","471.495 mg/kg","169.281 mg/kg","0.29 Percent","605 ppm","1754.5 ppm","25.1614 mg/kg","2.3241 mg/kg","3.556 mg/kg","5.8955 mg/kg","0 mg/kg"
Bio-Scales:7d7acb77-8c4a-4492-8153-37c72033fda4,BESC-351-CO2_42_17_23,natural organic matter,soil,,anthropogenic terrestrial biome [ENVO:01000219],agricultural field [ENVO:00000114],agricultural soil [ENVO:00002259],Environmental,Terrestrial,Soil,Bulk soil,Agricultural soil,,,,,,,,,,,,,,,,,,,,,,,,,,,,,,,,,,,,,,,,,,,,,,,,,,,,,,,,experimental_garden,fresh,"2020-09-04","USA: Oregon, Corvallis","44.587809 -123.193624","62 meter","4 C",,,"0.1",,,,,,,,,,,,,,,,,6.81,"2320.83 mg/kg","458.94 mg/kg","489.767 mg/kg","0.326 Percent","577 ppm","1673.3 ppm","20.1285 mg/kg","2.638 mg/kg","2.329 mg/kg","2.804 mg/kg","0 mg/kg"
Bio-Scales:2a211f90-327f-4581-b9c2-2f76153dcda1,BESC-351-CO2_42_17_24,natural organic matter,soil,,anthropogenic terrestrial biome [ENVO:01000219],agricultural field [ENVO:00000114],agricultural soil [ENVO:00002259],Environmental,Terrestrial,Soil,Bulk soil,Agricultural soil,,,,,,,,,,,,,,,,,,,,,,,,,,,,,,,,,,,,,,,,,,,,,,,,,,,,,,,,experimental_garden,fresh,"2020-09-04","USA: Oregon, Corvallis","44.587809 -123.193624","62 meter","4 C",,,"0.1",,,,,,,,,,,,,,,,,6.83,"2416.72 mg/kg","470.753 mg/kg","486.729 mg/kg","0.35 Percent","613 ppm","1777.7 ppm","23.0525 mg/kg","3.1215 mg/kg","2.7635 mg/kg","2.8535 mg/kg","0 mg/kg"
Bio-Scales:f1c3e526-091a-4614-8be1-6f0feceb9935,BESC-351-CO3_11_46_44,natural organic matter,soil,,anthropogenic terrestrial biome [ENVO:01000219],agricultural field [ENVO:00000114],agricultural soil [ENVO:00002259],Environmental,Terrestrial,Soil,Bulk soil,Agricultural soil,,,,,,,,,,,,,,,,,,,,,,,,,,,,,,,,,,,,,,,,,,,,,,,,,,,,,,,,experimental_garden,fresh,"2020-09-04","USA: Oregon, Corvallis","44.588226 -123.192776","62 meter","4 C",,,"0.1",,,,,,,,,,,,,,,,,6.48,"2431.98 mg/kg","509.653 mg/kg","138.724 mg/kg","0.151 Percent","690 ppm","2001 ppm","32.3007 mg/kg","2.8379 mg/kg","4.4525 mg/kg","0.4225 mg/kg","0 mg/kg"
Bio-Scales:ce6dfa76-e7f3-4ecc-ab04-99c8758f4933,BESC-360-CL2_44_14_87,natural organic matter,soil,,anthropogenic terrestrial biome [ENVO:01000219],agricultural field [ENVO:00000114],agricultural soil [ENVO:00002259],Environmental,Terrestrial,Soil,Bulk soil,Agricultural soil,,,,,,,,,,,,,,,,,,,,,,,,,,,,,,,,,,,,,,,,,,,,,,,,,,,,,,,,experimental_garden,fresh,"2020-09-08","USA: Oregon, Clatskanie","46.121316 -123.26986","62 meter","4 C",,,"0.1",,,,,,,,,,,,,,,,,5.05,"2293.48 mg/kg","379.192 mg/kg","143.954 mg/kg","0.48 Percent","1407 ppm","4080.3 ppm","30.2824 mg/kg","5.1832 mg/kg","11.2045 mg/kg","12.703 mg/kg","0 mg/kg"
Bio-Scales:60e8d4d2-5834-429f-8f24-905c3d37355f,BESC-360-CL3_72_12_110,natural organic matter,soil,,anthropogenic terrestrial biome [ENVO:01000219],agricultural field [ENVO:00000114],agricultural soil [ENVO:00002259],Environmental,Terrestrial,Soil,Bulk soil,Agricultural soil,,,,,,,,,,,,,,,,,,,,,,,,,,,,,,,,,,,,,,,,,,,,,,,,,,,,,,,,experimental_garden,fresh,"2020-09-09","USA: Oregon, Clatskanie","46.121345 -123.270991","62 meter","4 C",,,"0.1",,,,,,,,,,,,,,,,,5.09,"1886.08 mg/kg","364.595 mg/kg","60.3044 mg/kg","0.521 Percent","1316 ppm","3816.4 ppm","40.0784 mg/kg","4.2092 mg/kg","13.7945 mg/kg","11.0665 mg/kg","0 mg/kg"
Bio-Scales:6bbe26bc-7601-4a43-8a68-a4ce95de7d46,BESC-360-CO1_23_6_4,natural organic matter,soil,,anthropogenic terrestrial biome [ENVO:01000219],agricultural field [ENVO:00000114],agricultural soil [ENVO:00002259],Environmental,Terrestrial,Soil,Bulk soil,Agricultural soil,,,,,,,,,,,,,,,,,,,,,,,,,,,,,,,,,,,,,,,,,,,,,,,,,,,,,,,,experimental_garden,fresh,"2020-09-03","USA: Oregon, Corvallis","44.588071 -123.193978","62 meter","4 C",,,"0.1",,,,,,,,,,,,,,,,,6.61,"2236.72 mg/kg","423.518 mg/kg","148.147 mg/kg","0.224 Percent","470 ppm","1363 ppm","20.9377 mg/kg","2.3331 mg/kg","3.783 mg/kg","3.086 mg/kg","0 mg/kg"
Bio-Scales:2d4a0265-b1e2-46f8-9c8a-ee7658725d85,BESC-360-CO2_62_25_25,natural organic matter,soil,,anthropogenic terrestrial biome [ENVO:01000219],agricultural field [ENVO:00000114],agricultural soil [ENVO:00002259],Environmental,Terrestrial,Soil,Bulk soil,Agricultural soil,,,,,,,,,,,,,,,,,,,,,,,,,,,,,,,,,,,,,,,,,,,,,,,,,,,,,,,,experimental_garden,fresh,"2020-09-03","USA: Oregon, Corvallis","44.58753 -123.19336","62 meter","4 C",,,"0.1",,,,,,,,,,,,,,,,,6.72,"2331.84 mg/kg","397.536 mg/kg","251.476 mg/kg","0.433 Percent","499 ppm","1447.1 ppm","23.085 mg/kg","6.7812 mg/kg","8.3015 mg/kg","1.403 mg/kg","0 mg/kg"
Bio-Scales:94f2832d-dbbc-4e39-9716-71cf82f7e176,BESC-360-CO3_13_34_45,natural organic matter,soil,,anthropogenic terrestrial biome [ENVO:01000219],agricultural field [ENVO:00000114],agricultural soil [ENVO:00002259],Environmental,Terrestrial,Soil,Bulk soil,Agricultural soil,,,,,,,,,,,,,,,,,,,,,,,,,,,,,,,,,,,,,,,,,,,,,,,,,,,,,,,,experimental_garden,fresh,"2020-09-03","USA: Oregon, Corvallis","44.588202 -123.193144","62 meter","4 C",,,"0.1",,,,,,,,,,,,,,,,,6.84,"2833.61 mg/kg","517.121 mg/kg","252.17 mg/kg","0.164 Percent","718 ppm","2082.2 ppm","28.365 mg/kg","5.7041 mg/kg","4.09 mg/kg","0 mg/kg","0 mg/kg"
Bio-Scales:270ae5f1-7db3-4d91-8d8a-7414ec9cf00f,BESC-388-CL1_25_34_67,natural organic matter,soil,,anthropogenic terrestrial biome [ENVO:01000219],agricultural field [ENVO:00000114],agricultural soil [ENVO:00002259],Environmental,Terrestrial,Soil,Bulk soil,Agricultural soil,,,,,,,,,,,,,,,,,,,,,,,,,,,,,,,,,,,,,,,,,,,,,,,,,,,,,,,,experimental_garden,fresh,"2020-09-07","USA: Oregon, Clatskanie","46.120814 -123.269165","62 meter","4 C",,,"0.1",,,,,,,,,,,,,,,,,5.86,"2571.42 mg/kg","437.842 mg/kg","233.794 mg/kg","0.296 Percent","880 ppm","2552 ppm","45.54 mg/kg","9.6995 mg/kg","9.1955 mg/kg","20.428 mg/kg","0 mg/kg"
Bio-Scales:0baff65d-4a91-4429-812a-620b6405179b,BESC-388-CL2_50_4_88,natural organic matter,soil,,anthropogenic terrestrial biome [ENVO:01000219],agricultural field [ENVO:00000114],agricultural soil [ENVO:00002259],Environmental,Terrestrial,Soil,Bulk soil,Agricultural soil,,,,,,,,,,,,,,,,,,,,,,,,,,,,,,,,,,,,,,,,,,,,,,,,,,,,,,,,experimental_garden,fresh,"2020-09-08","USA: Oregon, Clatskanie","46.121602 -123.270125","62 meter","4 C",,,"0.1",,,,,,,,,,,,,,,,,4.93,"2224.63 mg/kg","314.93 mg/kg","118.102 mg/kg","0.71 Percent","1566 ppm","4541.4 ppm","42.6146 mg/kg","8.3138 mg/kg","15.591 mg/kg","29.0125 mg/kg","0 mg/kg"
Bio-Scales:a166b0f5-ebeb-42da-988d-59ba626e115b,BESC-388-CL3_88_3_111,natural organic matter,soil,,anthropogenic terrestrial biome [ENVO:01000219],agricultural field [ENVO:00000114],agricultural soil [ENVO:00002259],Environmental,Terrestrial,Soil,Bulk soil,Agricultural soil,,,,,,,,,,,,,,,,,,,,,,,,,,,,,,,,,,,,,,,,,,,,,,,,,,,,,,,,experimental_garden,fresh,"2020-09-10","USA: Oregon, Clatskanie","46.121423 -123.271523","62 meter","4 C",,,"0.1",,,,,,,,,,,,,,,,,5.07,"1963.54 mg/kg","399.987 mg/kg","181.069 mg/kg","0.342 Percent","1415 ppm","4103.5 ppm","28.8914 mg/kg","5.5845 mg/kg","10.677 mg/kg","18.1475 mg/kg","0 mg/kg"
Bio-Scales:fd2265a4-3d87-4451-afe0-928f6a540175,BESC-388-CO1_32_7_5,natural organic matter,soil,,anthropogenic terrestrial biome [ENVO:01000219],agricultural field [ENVO:00000114],agricultural soil [ENVO:00002259],Environmental,Terrestrial,Soil,Bulk soil,Agricultural soil,,,,,,,,,,,,,,,,,,,,,,,,,,,,,,,,,,,,,,,,,,,,,,,,,,,,,,,,experimental_garden,fresh,"2020-09-03","USA: Oregon, Corvallis","44.587947 -123.193941","62 meter","4 C",,,"0.1",,,,,,,,,,,,,,,,,6.59,"2351.52 mg/kg","445.767 mg/kg","289.816 mg/kg","0.393 Percent","664 ppm","1925.6 ppm","26.6471 mg/kg","3.8888 mg/kg","3.226 mg/kg","2.1155 mg/kg","0 mg/kg"
Bio-Scales:47bbc05c-f498-4b3d-a2d1-6d186ec0ba78,BESC-388-CO1_32_7_6,natural organic matter,soil,,anthropogenic terrestrial biome [ENVO:01000219],agricultural field [ENVO:00000114],agricultural soil [ENVO:00002259],Environmental,Terrestrial,Soil,Bulk soil,Agricultural soil,,,,,,,,,,,,,,,,,,,,,,,,,,,,,,,,,,,,,,,,,,,,,,,,,,,,,,,,experimental_garden,fresh,"2020-09-03","USA: Oregon, Corvallis","44.587947 -123.193941","62 meter","4 C",,,"0.1",,,,,,,,,,,,,,,,,6.55,"2397.08 mg/kg","460.744 mg/kg","300.262 mg/kg","0.374 Percent","624 ppm","1809.6 ppm","29.5902 mg/kg","4 mg/kg","3.5615 mg/kg","1.928 mg/kg","0 mg/kg"
Bio-Scales:2410d122-88eb-455a-8404-81c5848f2a42,BESC-388-CO2_54_7_26,natural organic matter,soil,,anthropogenic terrestrial biome [ENVO:01000219],agricultural field [ENVO:00000114],agricultural soil [ENVO:00002259],Environmental,Terrestrial,Soil,Bulk soil,Agricultural soil,,,,,,,,,,,,,,,,,,,,,,,,,,,,,,,,,,,,,,,,,,,,,,,,,,,,,,,,experimental_garden,fresh,"2020-09-03","USA: Oregon, Corvallis","44.587648 -123.193914","62 meter","4 C",,,"0.1",,,,,,,,,,,,,,,,,6.48,"2044.05 mg/kg","398.928 mg/kg","184.092 mg/kg","0.327 Percent","528 ppm","1531.2 ppm","18.3765 mg/kg","4.2708 mg/kg","0 mg/kg","0.463 mg/kg","0 mg/kg"
Bio-Scales:9bf3aa2e-e96d-4a4d-be63-56366c64b005,BESC-388-CO3_8_57_46,natural organic matter,soil,,anthropogenic terrestrial biome [ENVO:01000219],agricultural field [ENVO:00000114],agricultural soil [ENVO:00002259],Environmental,Terrestrial,Soil,Bulk soil,Agricultural soil,,,,,,,,,,,,,,,,,,,,,,,,,,,,,,,,,,,,,,,,,,,,,,,,,,,,,,,,experimental_garden,fresh,"2020-09-04","USA: Oregon, Corvallis","44.58826 -123.192446","62 meter","4 C",,,"0.1",,,,,,,,,,,,,,,,,6.76,"2749.71 mg/kg","519.957 mg/kg","240.767 mg/kg","0.195 Percent","784 ppm","2273.6 ppm","36.5312 mg/kg","5.1577 mg/kg","4.193 mg/kg","0 mg/kg","0 mg/kg"
Bio-Scales:bfba1639-c5c1-46eb-881b-850dda0bb1ae,BESC-448-CL1_35_3_74,natural organic matter,soil,,anthropogenic terrestrial biome [ENVO:01000219],agricultural field [ENVO:00000114],agricultural soil [ENVO:00002259],Environmental,Terrestrial,Soil,Bulk soil,Agricultural soil,,,,,,,,,,,,,,,,,,,,,,,,,,,,,,,,,,,,,,,,,,,,,,,,,,,,,,,,experimental_garden,fresh,"2020-09-11","USA: Oregon, Clatskanie","46.121649 -123.269525","62 meter","4 C",,,"0.1",,,,,,,,,,,,,,,,,5.03,"2059.81 mg/kg","356.661 mg/kg","192.34 mg/kg","0.619 Percent","1503 ppm","4358.7 ppm","26.1871 mg/kg","4.9097 mg/kg","14.099 mg/kg","5.7905 mg/kg","0 mg/kg"
Bio-Scales:3ecb1576-f63a-4e83-90a9-d161084bfe92,BESC-448-CL3_88_32_120,natural organic matter,soil,,anthropogenic terrestrial biome [ENVO:01000219],agricultural field [ENVO:00000114],agricultural soil [ENVO:00002259],Environmental,Terrestrial,Soil,Bulk soil,Agricultural soil,,,,,,,,,,,,,,,,,,,,,,,,,,,,,,,,,,,,,,,,,,,,,,,,,,,,,,,,experimental_garden,fresh,"2020-09-12","USA: Oregon, Clatskanie","46.120791 -123.271619","62 meter","4 C",,,"0.1",,,,,,,,,,,,,,,,,5.46,"2435.35 mg/kg","444.03 mg/kg","328.053 mg/kg","0.439 Percent","1154 ppm","3346.6 ppm","35.7355 mg/kg","8.0582 mg/kg","9.211 mg/kg","18.875 mg/kg","0 mg/kg"
Bio-Scales:709b4696-4a3f-4709-b452-dd73a6522729,BESC-470-CL2_38_23_104,natural organic matter,soil,,anthropogenic terrestrial biome [ENVO:01000219],agricultural field [ENVO:00000114],agricultural soil [ENVO:00002259],Environmental,Terrestrial,Soil,Bulk soil,Agricultural soil,,,,,,,,,,,,,,,,,,,,,,,,,,,,,,,,,,,,,,,,,,,,,,,,,,,,,,,,experimental_garden,fresh,"2020-09-11","USA: Oregon, Clatskanie","46.121117 -123.269633","62 meter","4 C",,,"0.1",,,,,,,,,,,,,,,,,5.38,"2568.36 mg/kg","401.36 mg/kg","233.882 mg/kg","0.455 Percent","1452 ppm","4210.8 ppm","53.8359 mg/kg","8.171 mg/kg","11.693 mg/kg","16.977 mg/kg","0 mg/kg"
Bio-Scales:e13b146d-f138-4ab5-9b6f-2ffab5c4ab28,BESC-833-CL2_42_16_89,natural organic matter,soil,,anthropogenic terrestrial biome [ENVO:01000219],agricultural field [ENVO:00000114],agricultural soil [ENVO:00002259],Environmental,Terrestrial,Soil,Bulk soil,Agricultural soil,,,,,,,,,,,,,,,,,,,,,,,,,,,,,,,,,,,,,,,,,,,,,,,,,,,,,,,,experimental_garden,fresh,"2020-09-08","USA: Oregon, Clatskanie","46.121297 -123.269816","62 meter","4 C",,,"0.1",,,,,,,,,,,,,,,,,5.35,"2406.67 mg/kg","392.849 mg/kg","121.629 mg/kg","0.544 Percent","1356 ppm","3932.4 ppm","36.8924 mg/kg","7.3694 mg/kg","18.656 mg/kg","9.271 mg/kg","0 mg/kg"
Bio-Scales:11be5ff2-f4ad-4276-9345-658c5079911c,BESC-833-CL2_42_16_90,natural organic matter,soil,,anthropogenic terrestrial biome [ENVO:01000219],agricultural field [ENVO:00000114],agricultural soil [ENVO:00002259],Environmental,Terrestrial,Soil,Bulk soil,Agricultural soil,,,,,,,,,,,,,,,,,,,,,,,,,,,,,,,,,,,,,,,,,,,,,,,,,,,,,,,,experimental_garden,fresh,"2020-09-08","USA: Oregon, Clatskanie","46.121297 -123.269816","62 meter","4 C",,,"0.1",,,,,,,,,,,,,,,,,5.33,"2603.97 mg/kg","438.159 mg/kg","122.144 mg/kg","0.455 Percent","1326 ppm","3845.4 ppm","40.7316 mg/kg","8.1703 mg/kg","14.851 mg/kg","9.161 mg/kg","0 mg/kg"
Bio-Scales:f4d5c355-5610-49bc-b0c4-825080d7bde6,BESC-833-CL3_77_6_112,natural organic matter,soil,,anthropogenic terrestrial biome [ENVO:01000219],agricultural field [ENVO:00000114],agricultural soil [ENVO:00002259],Environmental,Terrestrial,Soil,Bulk soil,Agricultural soil,,,,,,,,,,,,,,,,,,,,,,,,,,,,,,,,,,,,,,,,,,,,,,,,,,,,,,,,experimental_garden,fresh,"2020-09-10","USA: Oregon, Clatskanie","46.121531 -123.271207","62 meter","4 C",,,"0.1",,,,,,,,,,,,,,,,,5.17,"2141 mg/kg","391.663 mg/kg","150.959 mg/kg","0.471 Percent","1555 ppm","4509.5 ppm","31.6289 mg/kg","7.0343 mg/kg","12.15 mg/kg","18.951 mg/kg","0 mg/kg"
Bio-Scales:cb7ca890-d6b2-4601-b469-a68ad5d2b483,BESC-833-CL3_77_6_113,natural organic matter,soil,,anthropogenic terrestrial biome [ENVO:01000219],agricultural field [ENVO:00000114],agricultural soil [ENVO:00002259],Environmental,Terrestrial,Soil,Bulk soil,Agricultural soil,,,,,,,,,,,,,,,,,,,,,,,,,,,,,,,,,,,,,,,,,,,,,,,,,,,,,,,,experimental_garden,fresh,"2020-09-10","USA: Oregon, Clatskanie","46.121531 -123.271207","62 meter","4 C",,,"0.1",,,,,,,,,,,,,,,,,5.16,"2497.39 mg/kg","474.784 mg/kg","187.743 mg/kg","0.446 Percent","1333 ppm","3865.7 ppm","38.6439 mg/kg","8.1467 mg/kg","12.048 mg/kg","20.1785 mg/kg","0 mg/kg"
Bio-Scales:330e34fc-330f-4efc-9908-2d35f458d465,BESC-833-CO1_6_4_7,natural organic matter,soil,,anthropogenic terrestrial biome [ENVO:01000219],agricultural field [ENVO:00000114],agricultural soil [ENVO:00002259],Environmental,Terrestrial,Soil,Bulk soil,Agricultural soil,,,,,,,,,,,,,,,,,,,,,,,,,,,,,,,,,,,,,,,,,,,,,,,,,,,,,,,,experimental_garden,fresh,"2020-09-04","USA: Oregon, Corvallis","44.588305 -123.194052","62 meter","4 C",,,"0.1",,,,,,,,,,,,,,,,,6.63,"2217.89 mg/kg","439.551 mg/kg","153.687 mg/kg","0.232 Percent","480 ppm","1392 ppm","20.3547 mg/kg","1.8725 mg/kg","2.4445 mg/kg","1.919 mg/kg","0 mg/kg"
Bio-Scales:2486f4bf-3b38-4edd-a240-412175869369,BESC-833-CO2_47_23_27,natural organic matter,soil,,anthropogenic terrestrial biome [ENVO:01000219],agricultural field [ENVO:00000114],agricultural soil [ENVO:00002259],Environmental,Terrestrial,Soil,Bulk soil,Agricultural soil,,,,,,,,,,,,,,,,,,,,,,,,,,,,,,,,,,,,,,,,,,,,,,,,,,,,,,,,experimental_garden,fresh,"2020-09-04","USA: Oregon, Corvallis","44.587743 -123.193438","62 meter","4 C",,,"0.1",,,,,,,,,,,,,,,,,6.76,"2421.86 mg/kg","404.477 mg/kg","307.14 mg/kg","0.346 Percent","526 ppm","1525.4 ppm","23.0194 mg/kg","4.4079 mg/kg","2.544 mg/kg","1.133 mg/kg","0 mg/kg"
Bio-Scales:0008494a-378c-4e52-9f3d-8414acafcd0d,BESC-833-CO3_31_37_47,natural organic matter,soil,,anthropogenic terrestrial biome [ENVO:01000219],agricultural field [ENVO:00000114],agricultural soil [ENVO:00002259],Environmental,Terrestrial,Soil,Bulk soil,Agricultural soil,,,,,,,,,,,,,,,,,,,,,,,,,,,,,,,,,,,,,,,,,,,,,,,,,,,,,,,,experimental_garden,fresh,"2020-09-04","USA: Oregon, Corvallis","44.587955 -123.193022","62 meter","4 C",,,"0.1",,,,,,,,,,,,,,,,,6.84,"2359.17 mg/kg","442.326 mg/kg","201.387 mg/kg","0.105 Percent","497 ppm","1441.3 ppm","23.1047 mg/kg","1.95 mg/kg","2.923 mg/kg","1.6305 mg/kg","0 mg/kg"
Bio-Scales:8b5ff373-0fa2-4feb-8149-d8c2a077309c,BESC-833-CO3_31_37_48,natural organic matter,soil,,anthropogenic terrestrial biome [ENVO:01000219],agricultural field [ENVO:00000114],agricultural soil [ENVO:00002259],Environmental,Terrestrial,Soil,Bulk soil,Agricultural soil,,,,,,,,,,,,,,,,,,,,,,,,,,,,,,,,,,,,,,,,,,,,,,,,,,,,,,,,experimental_garden,fresh,"2020-09-04","USA: Oregon, Corvallis","44.587955 -123.193022","62 meter","4 C",,,"0.1",,,,,,,,,,,,,,,,,6.83,"2263.64 mg/kg","434.146 mg/kg","195.15 mg/kg","0.099 Percent","510 ppm","1479 ppm","21.0363 mg/kg","2.0147 mg/kg","3.2975 mg/kg","2.0295 mg/kg","0 mg/kg"
Bio-Scales:903194a5-0c63-4b3e-ac9c-ea77b570c8db,BESC-845-CL1_31_22_75,natural organic matter,soil,,anthropogenic terrestrial biome [ENVO:01000219],agricultural field [ENVO:00000114],agricultural soil [ENVO:00002259],Environmental,Terrestrial,Soil,Bulk soil,Agricultural soil,,,,,,,,,,,,,,,,,,,,,,,,,,,,,,,,,,,,,,,,,,,,,,,,,,,,,,,,experimental_garden,fresh,"2020-09-07","USA: Oregon, Clatskanie","46.121135 -123.269376","62 meter","4 C",,,"0.1",,,,,,,,,,,,,,,,,5.39,"2552.6 mg/kg","434.396 mg/kg","257.938 mg/kg","0.34 Percent","1066 ppm","3091.4 ppm","51.9587 mg/kg","7.2942 mg/kg","8.4845 mg/kg","15 mg/kg","0 mg/kg"
Bio-Scales:ffac27e2-a2d6-4480-8def-947a287761f7,BESC-845-CL2_37_16_101,natural organic matter,soil,,anthropogenic terrestrial biome [ENVO:01000219],agricultural field [ENVO:00000114],agricultural soil [ENVO:00002259],Environmental,Terrestrial,Soil,Bulk soil,Agricultural soil,,,,,,,,,,,,,,,,,,,,,,,,,,,,,,,,,,,,,,,,,,,,,,,,,,,,,,,,experimental_garden,fresh,"2020-09-07","USA: Oregon, Clatskanie","46.12132 -123.269603","62 meter","4 C",,,"0.1",,,,,,,,,,,,,,,,,5.19,"2467.81 mg/kg","401.356 mg/kg","124.273 mg/kg","0.468 Percent","1338 ppm","3880.2 ppm","51.7949 mg/kg","7.5442 mg/kg","10.7855 mg/kg","13.0305 mg/kg","0 mg/kg"
Bio-Scales:0089aebc-d5f6-4241-a982-13cf5115ff60,BESC-845-CL2_37_16_102,natural organic matter,soil,,anthropogenic terrestrial biome [ENVO:01000219],agricultural field [ENVO:00000114],agricultural soil [ENVO:00002259],Environmental,Terrestrial,Soil,Bulk soil,Agricultural soil,,,,,,,,,,,,,,,,,,,,,,,,,,,,,,,,,,,,,,,,,,,,,,,,,,,,,,,,experimental_garden,fresh,"2020-09-07","USA: Oregon, Clatskanie","46.12132 -123.269603","62 meter","4 C",,,"0.1",,,,,,,,,,,,,,,,,5.2,"2469.26 mg/kg","419.359 mg/kg","132.153 mg/kg","0.481 Percent","1159 ppm","3361.1 ppm","53.867 mg/kg","7.7856 mg/kg","15.8165 mg/kg","12.808 mg/kg","0 mg/kg"
Bio-Scales:f3f3d3f3-c7d7-4272-b1d6-1dad50308441,BESC-845-CL3_80_19_121,natural organic matter,soil,,anthropogenic terrestrial biome [ENVO:01000219],agricultural field [ENVO:00000114],agricultural soil [ENVO:00002259],Environmental,Terrestrial,Soil,Bulk soil,Agricultural soil,,,,,,,,,,,,,,,,,,,,,,,,,,,,,,,,,,,,,,,,,,,,,,,,,,,,,,,,experimental_garden,fresh,"2020-09-10","USA: Oregon, Clatskanie","46.121204 -123.271338","62 meter","4 C",,,"0.1",,,,,,,,,,,,,,,,,5.47,"2644.35 mg/kg","568.66 mg/kg","205.043 mg/kg","0.329 Percent","1144 ppm","3317.6 ppm","67.1221 mg/kg","8.4669 mg/kg","8.6505 mg/kg","11.5955 mg/kg","0 mg/kg"
Bio-Scales:fd454f94-4eb4-4543-972c-9087e5818379,BESC-845-CO1_24_3_16,natural organic matter,soil,,anthropogenic terrestrial biome [ENVO:01000219],agricultural field [ENVO:00000114],agricultural soil [ENVO:00002259],Environmental,Terrestrial,Soil,Bulk soil,Agricultural soil,,,,,,,,,,,,,,,,,,,,,,,,,,,,,,,,,,,,,,,,,,,,,,,,,,,,,,,,experimental_garden,fresh,"2020-09-02","USA: Oregon, Corvallis","44.588056 -123.194069","62 meter","4 C",,,"0.1",,,,,,,,,,,,,,,,,6.6,"2435.54 mg/kg","502.549 mg/kg","210.143 mg/kg","0.4 Percent","677 ppm","1963.3 ppm","29.6194 mg/kg","4.0575 mg/kg","3.6545 mg/kg","1.111 mg/kg","0 mg/kg"
Bio-Scales:bf05cdf1-e466-48fa-8e20-d10b24216760,BESC-845-CO2_60_28_37,natural organic matter,soil,,anthropogenic terrestrial biome [ENVO:01000219],agricultural field [ENVO:00000114],agricultural soil [ENVO:00002259],Environmental,Terrestrial,Soil,Bulk soil,Agricultural soil,,,,,,,,,,,,,,,,,,,,,,,,,,,,,,,,,,,,,,,,,,,,,,,,,,,,,,,,experimental_garden,fresh,"2020-09-05","USA: Oregon, Corvallis","44.587562 -123.193264","62 meter","4 C",,,"0.1",,,,,,,,,,,,,,,,,6.37,"1496 mg/kg","294.494 mg/kg","118.741 mg/kg","0.06 Percent","348 ppm","1009.2 ppm","11.751 mg/kg","1.5662 mg/kg","2.0195 mg/kg","0.24 mg/kg","0 mg/kg"
Bio-Scales:5cace0c2-14d4-4312-8410-bb6a2c98a8eb,BESC-845-CO3_28_42_57,natural organic matter,soil,,anthropogenic terrestrial biome [ENVO:01000219],agricultural field [ENVO:00000114],agricultural soil [ENVO:00002259],Environmental,Terrestrial,Soil,Bulk soil,Agricultural soil,,,,,,,,,,,,,,,,,,,,,,,,,,,,,,,,,,,,,,,,,,,,,,,,,,,,,,,,experimental_garden,fresh,"2020-09-03","USA: Oregon, Corvallis","44.587994 -123.192874","62 meter","4 C",,,"0.1",,,,,,,,,,,,,,,,,6.81,"2254.4 mg/kg","442.037 mg/kg","395.228 mg/kg","0.144 Percent","636 ppm","1844.4 ppm","25.3905 mg/kg","3.6902 mg/kg","3.002 mg/kg","1.333 mg/kg","0.297 mg/kg"
Bio-Scales:d4bdbe90-f91e-4455-b9b5-e50012ef4aa6,BESC-847-CL1_28_5_68,natural organic matter,soil,,anthropogenic terrestrial biome [ENVO:01000219],agricultural field [ENVO:00000114],agricultural soil [ENVO:00002259],Environmental,Terrestrial,Soil,Bulk soil,Agricultural soil,,,,,,,,,,,,,,,,,,,,,,,,,,,,,,,,,,,,,,,,,,,,,,,,,,,,,,,,experimental_garden,fresh,"2020-09-07","USA: Oregon, Clatskanie","46.121579 -123.269208","62 meter","4 C",,,"0.1",,,,,,,,,,,,,,,,,4.88,"1320.04 mg/kg","195.602 mg/kg","146.363 mg/kg","0.527 Percent","1409 ppm","4086.1 ppm","16.6842 mg/kg","2.7223 mg/kg","20.6825 mg/kg","12.746 mg/kg","0 mg/kg"
Bio-Scales:2bfea1ae-526d-4352-bc84-a92023e81de5,BESC-847-CL2_38_7_91,natural organic matter,soil,,anthropogenic terrestrial biome [ENVO:01000219],agricultural field [ENVO:00000114],agricultural soil [ENVO:00002259],Environmental,Terrestrial,Soil,Bulk soil,Agricultural soil,,,,,,,,,,,,,,,,,,,,,,,,,,,,,,,,,,,,,,,,,,,,,,,,,,,,,,,,experimental_garden,fresh,"2020-09-07","USA: Oregon, Clatskanie","46.121497 -123.269638","62 meter","4 C",,,"0.1",,,,,,,,,,,,,,,,,4.84,"1846.09 mg/kg","291.535 mg/kg","168.937 mg/kg","0.513 Percent","1558 ppm","4518.2 ppm","23.2667 mg/kg","5.1776 mg/kg","16.3295 mg/kg","14.395 mg/kg","0 mg/kg"
Bio-Scales:b1e3510a-6c27-4ea4-bf67-df013d5360d0,BESC-847-CL3_83_27_114,natural organic matter,soil,,anthropogenic terrestrial biome [ENVO:01000219],agricultural field [ENVO:00000114],agricultural soil [ENVO:00002259],Environmental,Terrestrial,Soil,Bulk soil,Agricultural soil,,,,,,,,,,,,,,,,,,,,,,,,,,,,,,,,,,,,,,,,,,,,,,,,,,,,,,,,experimental_garden,fresh,"2020-09-10","USA: Oregon, Clatskanie","46.121012 -123.271438","62 meter","4 C",,,"0.1",,,,,,,,,,,,,,,,,5.34,"2522.96 mg/kg","435.812 mg/kg","293.434 mg/kg","0.319 Percent","1100 ppm","3190 ppm","48.1777 mg/kg","8.3322 mg/kg","8.3875 mg/kg","19.8355 mg/kg","0 mg/kg"
Bio-Scales:def2f84a-dd42-4005-9703-25c47a931f54,BESC-847-CO1_12_9_8,natural organic matter,soil,,anthropogenic terrestrial biome [ENVO:01000219],agricultural field [ENVO:00000114],agricultural soil [ENVO:00002259],Environmental,Terrestrial,Soil,Bulk soil,Agricultural soil,,,,,,,,,,,,,,,,,,,,,,,,,,,,,,,,,,,,,,,,,,,,,,,,,,,,,,,,experimental_garden,fresh,"2020-09-03","USA: Oregon, Corvallis","44.588219 -123.193899","62 meter","4 C",,,"0.1",,,,,,,,,,,,,,,,,6.54,"2322.55 mg/kg","440.421 mg/kg","206.227 mg/kg","0.3 Percent","539 ppm","1563.1 ppm","21.3753 mg/kg","2.8677 mg/kg","2.7645 mg/kg","4.8475 mg/kg","0 mg/kg"
Bio-Scales:2734ce81-7c8a-4c7a-bc01-1a32d35dd1aa,BESC-847-CO2_69_13_28,natural organic matter,soil,,anthropogenic terrestrial biome [ENVO:01000219],agricultural field [ENVO:00000114],agricultural soil [ENVO:00002259],Environmental,Terrestrial,Soil,Bulk soil,Agricultural soil,,,,,,,,,,,,,,,,,,,,,,,,,,,,,,,,,,,,,,,,,,,,,,,,,,,,,,,,experimental_garden,fresh,"2020-09-03","USA: Oregon, Corvallis","44.587442 -123.193709","62 meter","4 C",,,"0.1",,,,,,,,,,,,,,,,,6.41,"1287.48 mg/kg","250.941 mg/kg","129.847 mg/kg","0.261 Percent","296 ppm","858.4 ppm","16.0294 mg/kg","1.265 mg/kg","3.8565 mg/kg","0.542 mg/kg","0 mg/kg"
Bio-Scales:7e86c15d-456f-4237-8038-fc3da5f6f445,BESC-847-CO3_9_34_49,natural organic matter,soil,,anthropogenic terrestrial biome [ENVO:01000219],agricultural field [ENVO:00000114],agricultural soil [ENVO:00002259],Environmental,Terrestrial,Soil,Bulk soil,Agricultural soil,,,,,,,,,,,,,,,,,,,,,,,,,,,,,,,,,,,,,,,,,,,,,,,,,,,,,,,,experimental_garden,fresh,"2020-09-04","USA: Oregon, Corvallis","44.588254 -123.193143","62 meter","4 C",,,"0.1",,,,,,,,,,,,,,,,,6.55,"2534.64 mg/kg","469.339 mg/kg","200.771 mg/kg","0.111 Percent","630 ppm","1827 ppm","21.5092 mg/kg","2.5555 mg/kg","3.358 mg/kg","1.5495 mg/kg","0 mg/kg"
Bio-Scales:90915667-28a6-4bd7-b90d-43658729c2bc,BESC-866-CO2_58_19_93,natural organic matter,soil,,anthropogenic terrestrial biome [ENVO:01000219],agricultural field [ENVO:00000114],agricultural soil [ENVO:00002259],Environmental,Terrestrial,Soil,Bulk soil,Agricultural soil,,,,,,,,,,,,,,,,,,,,,,,,,,,,,,,,,,,,,,,,,,,,,,,,,,,,,,,,experimental_garden,fresh,"2020-09-08","USA: Oregon, Clatskanie","46.121406 -123.270107","62 meter","4 C",,,"0.1",,,,,,,,,,,,,,,,,4.95,"2188.04 mg/kg","359.242 mg/kg","87.2653 mg/kg","0.613 Percent","1471 ppm","4265.9 ppm","39.5279 mg/kg","7.5452 mg/kg","16.2875 mg/kg","16.3555 mg/kg","0 mg/kg"
Bio-Scales:e3cbf569-72ca-433e-9764-82e5f9e95bd4,BESC-866-CL3_75_7_115,natural organic matter,soil,,anthropogenic terrestrial biome [ENVO:01000219],agricultural field [ENVO:00000114],agricultural soil [ENVO:00002259],Environmental,Terrestrial,Soil,Bulk soil,Agricultural soil,,,,,,,,,,,,,,,,,,,,,,,,,,,,,,,,,,,,,,,,,,,,,,,,,,,,,,,,experimental_garden,fresh,"2020-09-09","USA: Oregon, Clatskanie","46.121531 -123.271098","62 meter","4 C",,,"0.1",,,,,,,,,,,,,,,,,5.16,"2214.14 mg/kg","459.533 mg/kg","157.254 mg/kg","0.491 Percent","1629 ppm","4724.1 ppm","31.4614 mg/kg","5.2926 mg/kg","11.0295 mg/kg","13.514 mg/kg","0 mg/kg"
Bio-Scales:0f87e064-0148-4946-9e76-4c9b85a2a3c5,BESC-866-CO3_27_48_9,natural organic matter,soil,,anthropogenic terrestrial biome [ENVO:01000219],agricultural field [ENVO:00000114],agricultural soil [ENVO:00002259],Environmental,Terrestrial,Soil,Bulk soil,Agricultural soil,,,,,,,,,,,,,,,,,,,,,,,,,,,,,,,,,,,,,,,,,,,,,,,,,,,,,,,,experimental_garden,fresh,"2020-09-04","USA: Oregon, Corvallis","44.588251 -123.194029","62 meter","4 C",,,"0.1",,,,,,,,,,,,,,,,,6.66,"2092.65 mg/kg","421.19 mg/kg","150.225 mg/kg","0.261 Percent","492 ppm","1426.8 ppm","19.3685 mg/kg","1.9367 mg/kg","3.4185 mg/kg","1.9945 mg/kg","0 mg/kg"
Bio-Scales:5eebed08-d6c1-4be7-a894-37885ce2e1d2,BESC-86-CL2_69_17_29,natural organic matter,soil,,anthropogenic terrestrial biome [ENVO:01000219],agricultural field [ENVO:00000114],agricultural soil [ENVO:00002259],Environmental,Terrestrial,Soil,Bulk soil,Agricultural soil,,,,,,,,,,,,,,,,,,,,,,,,,,,,,,,,,,,,,,,,,,,,,,,,,,,,,,,,experimental_garden,fresh,"2020-09-04","USA: Oregon, Corvallis","44.587593 -123.193547","62 meter","4 C",,,"0.1",,,,,,,,,,,,,,,,,6.69,"2107.69 mg/kg","446.918 mg/kg","209.937 mg/kg","0.395 Percent","514 ppm","1490.6 ppm","31.219 mg/kg","3.4804 mg/kg","3.154 mg/kg","0.5895 mg/kg","0 mg/kg"
Bio-Scales:1a2252a3-6f24-4d11-a50a-817756bd05c3,BESC-86-CL2_69_17_30,natural organic matter,soil,,anthropogenic terrestrial biome [ENVO:01000219],agricultural field [ENVO:00000114],agricultural soil [ENVO:00002259],Environmental,Terrestrial,Soil,Bulk soil,Agricultural soil,,,,,,,,,,,,,,,,,,,,,,,,,,,,,,,,,,,,,,,,,,,,,,,,,,,,,,,,experimental_garden,fresh,"2020-09-04","USA: Oregon, Corvallis","44.587593 -123.193547","62 meter","4 C",,,"0.1",,,,,,,,,,,,,,,,,6.76,"2127.44 mg/kg","436.017 mg/kg","210.536 mg/kg","0.416 Percent","480 ppm","1392 ppm","33.3969 mg/kg","3.4735 mg/kg","2.5755 mg/kg","0.407 mg/kg","0 mg/kg"
Bio-Scales:f194ae4f-8be2-44c4-811b-b15080f5dc0d,BESC-866-CL2_50_11_50,natural organic matter,soil,,anthropogenic terrestrial biome [ENVO:01000219],agricultural field [ENVO:00000114],agricultural soil [ENVO:00002259],Environmental,Terrestrial,Soil,Bulk soil,Agricultural soil,,,,,,,,,,,,,,,,,,,,,,,,,,,,,,,,,,,,,,,,,,,,,,,,,,,,,,,,experimental_garden,fresh,"2020-09-04","USA: Oregon, Corvallis","44.588007 -123.192696","62 meter","4 C",,,"0.1",,,,,,,,,,,,,,,,,6.73,"2347.97 mg/kg","433.255 mg/kg","208.872 mg/kg","0.118 Percent","580 ppm","1682 ppm","26.0173 mg/kg","2.955 mg/kg","3.6955 mg/kg","1.0625 mg/kg","0 mg/kg"
Bio-Scales:0e601cbc-083a-4f19-871a-e6b5915e3992,BESC-866-CO1_10_5_92,natural organic matter,soil,,anthropogenic terrestrial biome [ENVO:01000219],agricultural field [ENVO:00000114],agricultural soil [ENVO:00002259],Environmental,Terrestrial,Soil,Bulk soil,Agricultural soil,,,,,,,,,,,,,,,,,,,,,,,,,,,,,,,,,,,,,,,,,,,,,,,,,,,,,,,,experimental_garden,fresh,"2020-09-12","USA: Oregon, Clatskanie","46.121225 -123.270853","62 meter","4 C",,,"0.1",,,,,,,,,,,,,,,,,4.98,"2213.11 mg/kg","456.562 mg/kg","169.452 mg/kg","0.577 Percent","1286 ppm","3729.4 ppm","38.0788 mg/kg","9.0923 mg/kg","14.3565 mg/kg","15.816 mg/kg","0 mg/kg"
Bio-Scales:f31ac11c-dc4c-4d21-a2c9-4b19025de811,BESC-904-CL2_57_20_94,natural organic matter,soil,,anthropogenic terrestrial biome [ENVO:01000219],agricultural field [ENVO:00000114],agricultural soil [ENVO:00002259],Environmental,Terrestrial,Soil,Bulk soil,Agricultural soil,,,,,,,,,,,,,,,,,,,,,,,,,,,,,,,,,,,,,,,,,,,,,,,,,,,,,,,,experimental_garden,fresh,"2020-09-09","USA: Oregon, Clatskanie","46.12116 -123.270413","62 meter","4 C",,,"0.1",,,,,,,,,,,,,,,,,5.05,"1923.65 mg/kg","404.205 mg/kg","134.845 mg/kg","0.546 Percent","1425 ppm","4132.5 ppm","32.9005 mg/kg","6.2737 mg/kg","14.706 mg/kg","15.503 mg/kg","0 mg/kg"
Bio-Scales:0e148c1b-d7bf-4f56-86b4-852270bc33f7,BESC-904-CL3_91_3_116,natural organic matter,soil,,anthropogenic terrestrial biome [ENVO:01000219],agricultural field [ENVO:00000114],agricultural soil [ENVO:00002259],Environmental,Terrestrial,Soil,Bulk soil,Agricultural soil,,,,,,,,,,,,,,,,,,,,,,,,,,,,,,,,,,,,,,,,,,,,,,,,,,,,,,,,experimental_garden,fresh,"2020-09-10","USA: Oregon, Clatskanie","46.121622 -123.271675","62 meter","4 C",,,"0.1",,,,,,,,,,,,,,,,,5.68,"2481.96 mg/kg","524.971 mg/kg","319.684 mg/kg","0.303 Percent","1015 ppm","2943.5 ppm","50.9719 mg/kg","9.8175 mg/kg","8.5 mg/kg","20.4215 mg/kg","0 mg/kg"
Bio-Scales:4d10a1bf-0d16-42b1-ad4e-ae2f5d54acfb,BESC-904-CO1_5_9_10,natural organic matter,soil,,anthropogenic terrestrial biome [ENVO:01000219],agricultural field [ENVO:00000114],agricultural soil [ENVO:00002259],Environmental,Terrestrial,Soil,Bulk soil,Agricultural soil,,,,,,,,,,,,,,,,,,,,,,,,,,,,,,,,,,,,,,,,,,,,,,,,,,,,,,,,experimental_garden,fresh,"2020-09-04","USA: Oregon, Corvallis","44.588317 -123.193905","62 meter","4 C",,,"0.1",,,,,,,,,,,,,,,,,6.7,"2720.05 mg/kg","477.527 mg/kg","362.021 mg/kg","0.316 Percent","696 ppm","2018.4 ppm","28.0189 mg/kg","4.6939 mg/kg","3.517 mg/kg","1.3175 mg/kg","0 mg/kg"
Bio-Scales:8e8f007e-df8a-4d01-b082-17c957d9af16,BESC-904-CO2_51_17_31,natural organic matter,soil,,anthropogenic terrestrial biome [ENVO:01000219],agricultural field [ENVO:00000114],agricultural soil [ENVO:00002259],Environmental,Terrestrial,Soil,Bulk soil,Agricultural soil,,,,,,,,,,,,,,,,,,,,,,,,,,,,,,,,,,,,,,,,,,,,,,,,,,,,,,,,experimental_garden,fresh,"2020-09-04","USA: Oregon, Corvallis","44.587688 -123.193613","62 meter","4 C",,,"0.1",,,,,,,,,,,,,,,,,6.9,"1921.28 mg/kg","405.766 mg/kg","346.753 mg/kg","0.295 Percent","368 ppm","1067.2 ppm","14.3655 mg/kg","1.4905 mg/kg","1.5535 mg/kg","0.832 mg/kg","0 mg/kg"
Bio-Scales:7e39a9bf-cfc0-456e-9c15-8201d4b64020,BESC-904-CO3_16_51_51,natural organic matter,soil,,anthropogenic terrestrial biome [ENVO:01000219],agricultural field [ENVO:00000114],agricultural soil [ENVO:00002259],Environmental,Terrestrial,Soil,Bulk soil,Agricultural soil,,,,,,,,,,,,,,,,,,,,,,,,,,,,,,,,,,,,,,,,,,,,,,,,,,,,,,,,experimental_garden,fresh,"2020-09-04","USA: Oregon, Corvallis","44.588158 -123.192616","62 meter","4 C",,,"0.1",,,,,,,,,,,,,,,,,6.72,"2440.33 mg/kg","493.054 mg/kg","206.03 mg/kg","0.131 Percent","653 ppm","1893.7 ppm","26.9571 mg/kg","2.8401 mg/kg","4.446 mg/kg","2.935 mg/kg","0 mg/kg"
Bio-Scales:9fdeeb9d-916f-4f9e-9232-5e9aa501f12e,BESC-905-CL1_32_20_73,natural organic matter,soil,,anthropogenic terrestrial biome [ENVO:01000219],agricultural field [ENVO:00000114],agricultural soil [ENVO:00002259],Environmental,Terrestrial,Soil,Bulk soil,Agricultural soil,,,,,,,,,,,,,,,,,,,,,,,,,,,,,,,,,,,,,,,,,,,,,,,,,,,,,,,,experimental_garden,fresh,"2020-09-11","USA: Oregon, Clatskanie","46.121171 -123.269419","62 meter","4 C",,,"0.1",,,,,,,,,,,,,,,,,5,"2032.06 mg/kg","305.976 mg/kg","268.098 mg/kg","0.417 Percent","1048 ppm","3039.2 ppm","43.5453 mg/kg","4.2006 mg/kg","10.427 mg/kg","10.251 mg/kg","0 mg/kg"
Bio-Scales:697c3fe9-0216-4c28-879b-cbd499d0e41c,GW-11047-CL1_23_5_69,natural organic matter,soil,,anthropogenic terrestrial biome [ENVO:01000219],agricultural field [ENVO:00000114],agricultural soil [ENVO:00002259],Environmental,Terrestrial,Soil,Bulk soil,Agricultural soil,,,,,,,,,,,,,,,,,,,,,,,,,,,,,,,,,,,,,,,,,,,,,,,,,,,,,,,,experimental_garden,fresh,"2020-09-11","USA: Oregon, Clatskanie","46.12162 -123.269023","62 meter","4 C",,,"0.1",,,,,,,,,,,,,,,,,5.21,"1911.85 mg/kg","345.542 mg/kg","316.155 mg/kg","0.408 Percent","1690 ppm","4901 ppm","27.2552 mg/kg","4.8509 mg/kg","12.8545 mg/kg","13.422 mg/kg","0 mg/kg"
Bio-Scales:561452d6-5c04-4d0b-804a-a9233a64dd71,GW-11047-CL2_41_30_95,natural organic matter,soil,,anthropogenic terrestrial biome [ENVO:01000219],agricultural field [ENVO:00000114],agricultural soil [ENVO:00002259],Environmental,Terrestrial,Soil,Bulk soil,Agricultural soil,,,,,,,,,,,,,,,,,,,,,,,,,,,,,,,,,,,,,,,,,,,,,,,,,,,,,,,,experimental_garden,fresh,"2020-09-12","USA: Oregon, Clatskanie","46.120901 -123.269789","62 meter","4 C",,,"0.1",,,,,,,,,,,,,,,,,5.07,"2098.19 mg/kg","349.431 mg/kg","287.194 mg/kg","0.265 Percent","1458 ppm","4228.2 ppm","49.2782 mg/kg","5.4742 mg/kg","7.291 mg/kg","18.1425 mg/kg","0 mg/kg"
Bio-Scales:0e53e0a2-6cd7-4db5-972e-53b19425b5ff,GW-11047-CL2_41_30_96,natural organic matter,soil,,anthropogenic terrestrial biome [ENVO:01000219],agricultural field [ENVO:00000114],agricultural soil [ENVO:00002259],Environmental,Terrestrial,Soil,Bulk soil,Agricultural soil,,,,,,,,,,,,,,,,,,,,,,,,,,,,,,,,,,,,,,,,,,,,,,,,,,,,,,,,experimental_garden,fresh,"2020-09-12","USA: Oregon, Clatskanie","46.120901 -123.269789","62 meter","4 C",,,"0.1",,,,,,,,,,,,,,,,,5.05,"2125.17 mg/kg","347.818 mg/kg","280.278 mg/kg","0.281 Percent","1180 ppm","3422 ppm","48.6819 mg/kg","5.4467 mg/kg","7.2955 mg/kg","17.694 mg/kg","0 mg/kg"
Bio-Scales:42447e38-8160-4c0c-a208-4e6d35f41e4e,GW-4579-CL1_25_23_70,natural organic matter,soil,,anthropogenic terrestrial biome [ENVO:01000219],agricultural field [ENVO:00000114],agricultural soil [ENVO:00002259],Environmental,Terrestrial,Soil,Bulk soil,Agricultural soil,,,,,,,,,,,,,,,,,,,,,,,,,,,,,,,,,,,,,,,,,,,,,,,,,,,,,,,,experimental_garden,fresh,"2020-09-07","USA: Oregon, Clatskanie","46.121108 -123.269142","62 meter","4 C",,,"0.1",,,,,,,,,,,,,,,,,5.63,"2257.22 mg/kg","395.375 mg/kg","225.714 mg/kg","0.318 Percent","945 ppm","2740.5 ppm","38.9692 mg/kg","6.5758 mg/kg","15.59 mg/kg","21.7185 mg/kg","0 mg/kg"
Bio-Scales:14a54a0b-6d86-4314-a1eb-7ddd0df9168a,GW-4579-CL2_50_20_97,natural organic matter,soil,,anthropogenic terrestrial biome [ENVO:01000219],agricultural field [ENVO:00000114],agricultural soil [ENVO:00002259],Environmental,Terrestrial,Soil,Bulk soil,Agricultural soil,,,,,,,,,,,,,,,,,,,,,,,,,,,,,,,,,,,,,,,,,,,,,,,,,,,,,,,,experimental_garden,fresh,"2020-09-08","USA: Oregon, Clatskanie","46.121233 -123.270148","62 meter","4 C",,,"0.1",,,,,,,,,,,,,,,,,5.11,"2038.63 mg/kg","387.456 mg/kg","105.809 mg/kg","0.578 Percent","1364 ppm","3955.6 ppm","39.464 mg/kg","6.2449 mg/kg","13.491 mg/kg","23.581 mg/kg","0 mg/kg"
Bio-Scales:622acce5-ab52-4ce7-9f92-118cb0385f26,GW-4579-CL3_72_14_117,natural organic matter,soil,,anthropogenic terrestrial biome [ENVO:01000219],agricultural field [ENVO:00000114],agricultural soil [ENVO:00002259],Environmental,Terrestrial,Soil,Bulk soil,Agricultural soil,,,,,,,,,,,,,,,,,,,,,,,,,,,,,,,,,,,,,,,,,,,,,,,,,,,,,,,,experimental_garden,fresh,"2020-09-09","USA: Oregon, Clatskanie","46.121352 -123.270987","62 meter","4 C",,,"0.1",,,,,,,,,,,,,,,,,5.48,"2247.43 mg/kg","537.364 mg/kg","344.304 mg/kg","0.446 Percent","1188 ppm","3445.2 ppm","32.625 mg/kg","6.7106 mg/kg","10.6855 mg/kg","10.6955 mg/kg","0 mg/kg"
Bio-Scales:9bee0afa-fc77-4558-b27f-b53b45afc84b,GW-4579-CO1_14_4_11,natural organic matter,soil,,anthropogenic terrestrial biome [ENVO:01000219],agricultural field [ENVO:00000114],agricultural soil [ENVO:00002259],Environmental,Terrestrial,Soil,Bulk soil,Agricultural soil,,,,,,,,,,,,,,,,,,,,,,,,,,,,,,,,,,,,,,,,,,,,,,,,,,,,,,,,experimental_garden,fresh,"2020-09-03","USA: Oregon, Corvallis","44.588192 -123.19405","62 meter","4 C",,,"0.1",,,,,,,,,,,,,,,,,6.4,"2598.35 mg/kg","516.737 mg/kg","179.191 mg/kg","0.392 Percent","732 ppm","2122.8 ppm","26.229 mg/kg","3.1196 mg/kg","3.063 mg/kg","1.989 mg/kg","0 mg/kg"
Bio-Scales:9fa67d23-62e8-4095-8f17-15466eb575e7,GW-4579-CO1_14_4_12,natural organic matter,soil,,anthropogenic terrestrial biome [ENVO:01000219],agricultural field [ENVO:00000114],agricultural soil [ENVO:00002259],Environmental,Terrestrial,Soil,Bulk soil,Agricultural soil,,,,,,,,,,,,,,,,,,,,,,,,,,,,,,,,,,,,,,,,,,,,,,,,,,,,,,,,experimental_garden,fresh,"2020-09-03","USA: Oregon, Corvallis","44.588192 -123.19405","62 meter","4 C",,,"0.1",,,,,,,,,,,,,,,,,6.42,"2547.83 mg/kg","481.129 mg/kg","166.389 mg/kg","0.35 Percent","726 ppm","2105.4 ppm","25.2036 mg/kg","2.948 mg/kg","3.7375 mg/kg","1.8265 mg/kg","0 mg/kg"
Bio-Scales:28e7c7f1-6251-407e-bb6a-3f0c14137bbf,GW-4579-CO2_44_8_32,natural organic matter,soil,,anthropogenic terrestrial biome [ENVO:01000219],agricultural field [ENVO:00000114],agricultural soil [ENVO:00002259],Environmental,Terrestrial,Soil,Bulk soil,Agricultural soil,,,,,,,,,,,,,,,,,,,,,,,,,,,,,,,,,,,,,,,,,,,,,,,,,,,,,,,,experimental_garden,fresh,"2020-09-03","USA: Oregon, Corvallis","44.587786 -123.193893","62 meter","4 C",,,"0.1",,,,,,,,,,,,,,,,,6.37,"2449.89 mg/kg","450.242 mg/kg","255.944 mg/kg","0.374 Percent","652 ppm","1890.8 ppm","26.1187 mg/kg","4.4023 mg/kg","3.9165 mg/kg","2.0535 mg/kg","0 mg/kg"
Bio-Scales:dbf64f9e-246d-4387-9ae4-f9c4f00c3856,GW-4579-CO3_14_51_52,natural organic matter,soil,,anthropogenic terrestrial biome [ENVO:01000219],agricultural field [ENVO:00000114],agricultural soil [ENVO:00002259],Environmental,Terrestrial,Soil,Bulk soil,Agricultural soil,,,,,,,,,,,,,,,,,,,,,,,,,,,,,,,,,,,,,,,,,,,,,,,,,,,,,,,,experimental_garden,fresh,"2020-09-04","USA: Oregon, Corvallis","44.588185 -123.192616","62 meter","4 C",,,"0.1",,,,,,,,,,,,,,,,,6.62,"2631.36 mg/kg","557.714 mg/kg","203.92 mg/kg","0.173 Percent","810 ppm","2349 ppm","30.7649 mg/kg","3.1255 mg/kg","5.5805 mg/kg","4.5255 mg/kg","0 mg/kg"
Bio-Scales:e97696e9-0775-44aa-9f8e-2ae5d91207c4,GW-9591-CL1_34_16_71,natural organic matter,soil,,anthropogenic terrestrial biome [ENVO:01000219],agricultural field [ENVO:00000114],agricultural soil [ENVO:00002259],Environmental,Terrestrial,Soil,Bulk soil,Agricultural soil,,,,,,,,,,,,,,,,,,,,,,,,,,,,,,,,,,,,,,,,,,,,,,,,,,,,,,,,experimental_garden,fresh,"2020-09-07","USA: Oregon, Clatskanie","46.121285 -123.269504","62 meter","4 C",,,"0.1",,,,,,,,,,,,,,,,,4.85,"1480.06 mg/kg","219.335 mg/kg","114.646 mg/kg","0.369 Percent","1239 ppm","3593.1 ppm","24.6956 mg/kg","2.3316 mg/kg","12.972 mg/kg","9.3675 mg/kg","0 mg/kg"
Bio-Scales:27e75273-3218-462d-b7c8-01b2fc268070,GW-9591-CL1_34_16_72,natural organic matter,soil,,anthropogenic terrestrial biome [ENVO:01000219],agricultural field [ENVO:00000114],agricultural soil [ENVO:00002259],Environmental,Terrestrial,Soil,Bulk soil,Agricultural soil,,,,,,,,,,,,,,,,,,,,,,,,,,,,,,,,,,,,,,,,,,,,,,,,,,,,,,,,experimental_garden,fresh,"2020-09-07","USA: Oregon, Clatskanie","46.121285 -123.269504","62 meter","4 C",,,"0.1",,,,,,,,,,,,,,,,,4.86,"1485.63 mg/kg","216.267 mg/kg","117.171 mg/kg","0.383 Percent","1665 ppm","4828.5 ppm","24.5174 mg/kg","2.2403 mg/kg","12.174 mg/kg","7.669 mg/kg","0 mg/kg"
Bio-Scales:1c7945df-9b20-40e9-aafc-96f99d3dfdd5,GW-9591-CL2_56_12_98,natural organic matter,soil,,anthropogenic terrestrial biome [ENVO:01000219],agricultural field [ENVO:00000114],agricultural soil [ENVO:00002259],Environmental,Terrestrial,Soil,Bulk soil,Agricultural soil,,,,,,,,,,,,,,,,,,,,,,,,,,,,,,,,,,,,,,,,,,,,,,,,,,,,,,,,experimental_garden,fresh,"2020-09-08","USA: Oregon, Clatskanie","46.121439 -123.270375","62 meter","4 C",,,"0.1",,,,,,,,,,,,,,,,,5.04,"2380.02 mg/kg","440.041 mg/kg","73.1555 mg/kg","0.603 Percent","1707 ppm","4950.3 ppm","50.4862 mg/kg","6.0461 mg/kg","18.515 mg/kg","26.191 mg/kg","0 mg/kg"
Bio-Scales:b6cf1f9d-a225-4a78-b040-abdf7e32281b,GW-9591-CL3_98_5_118,natural organic matter,soil,,anthropogenic terrestrial biome [ENVO:01000219],agricultural field [ENVO:00000114],agricultural soil [ENVO:00002259],Environmental,Terrestrial,Soil,Bulk soil,Agricultural soil,,,,,,,,,,,,,,,,,,,,,,,,,,,,,,,,,,,,,,,,,,,,,,,,,,,,,,,,experimental_garden,fresh,"2020-09-10","USA: Oregon, Clatskanie","46.121521 -123.27199","62 meter","4 C",,,"0.1",,,,,,,,,,,,,,,,,4.83,"1660.1 mg/kg","307.229 mg/kg","161.602 mg/kg","0.326 Percent","1395 ppm","4045.5 ppm","23.6988 mg/kg","3.1 mg/kg","11.8795 mg/kg","9.4465 mg/kg","0 mg/kg"
Bio-Scales:c61972e7-b39b-4d66-95db-22dedc657e22,GW-9591-CL3_98_5_119,natural organic matter,soil,,anthropogenic terrestrial biome [ENVO:01000219],agricultural field [ENVO:00000114],agricultural soil [ENVO:00002259],Environmental,Terrestrial,Soil,Bulk soil,Agricultural soil,,,,,,,,,,,,,,,,,,,,,,,,,,,,,,,,,,,,,,,,,,,,,,,,,,,,,,,,experimental_garden,fresh,"2020-09-10","USA: Oregon, Clatskanie","46.121521 -123.27199","62 meter","4 C",,,"0.1",,,,,,,,,,,,,,,,,4.87,"1786.74 mg/kg","341.65 mg/kg","178.448 mg/kg","0.319 Percent","1455 ppm","4219.5 ppm","28.408 mg/kg","3.4858 mg/kg","11.577 mg/kg","10.448 mg/kg","0 mg/kg"
Bio-Scales:61c00f6b-bb74-4b78-b4fe-55544d353ad8,GW-9591-CO1_16_8_13,natural organic matter,soil,,anthropogenic terrestrial biome [ENVO:01000219],agricultural field [ENVO:00000114],agricultural soil [ENVO:00002259],Environmental,Terrestrial,Soil,Bulk soil,Agricultural soil,,,,,,,,,,,,,,,,,,,,,,,,,,,,,,,,,,,,,,,,,,,,,,,,,,,,,,,,experimental_garden,fresh,"2020-09-03","USA: Oregon, Corvallis","44.588162 -123.19393","62 meter","4 C",,,"0.1",,,,,,,,,,,,,,,,,6.64,"1945.98 mg/kg","351.875 mg/kg","304.965 mg/kg","0.242 Percent","449 ppm","1302.1 ppm","17.688 mg/kg","2.6576 mg/kg","1.8015 mg/kg","1.698 mg/kg","0 mg/kg"
Bio-Scales:89002fa1-fd0a-4c51-974d-e120f2f3893c,GW-9591-CO2_62_24_33,natural organic matter,soil,,anthropogenic terrestrial biome [ENVO:01000219],agricultural field [ENVO:00000114],agricultural soil [ENVO:00002259],Environmental,Terrestrial,Soil,Bulk soil,Agricultural soil,,,,,,,,,,,,,,,,,,,,,,,,,,,,,,,,,,,,,,,,,,,,,,,,,,,,,,,,experimental_garden,fresh,"2020-09-03","USA: Oregon, Corvallis","44.587532 -123.193385","62 meter","4 C",,,"0.1",,,,,,,,,,,,,,,,,6.48,"1764.86 mg/kg","312.3 mg/kg","222.738 mg/kg","0.25 Percent","377 ppm","1093.3 ppm","14.6228 mg/kg","3.4332 mg/kg","2.1955 mg/kg","0.836 mg/kg","0 mg/kg"
Bio-Scales:b750433b-7016-4f90-ab75-210a0353db35,GW-9591-CO3_35_48_53,natural organic matter,soil,,anthropogenic terrestrial biome [ENVO:01000219],agricultural field [ENVO:00000114],agricultural soil [ENVO:00002259],Environmental,Terrestrial,Soil,Bulk soil,Agricultural soil,,,,,,,,,,,,,,,,,,,,,,,,,,,,,,,,,,,,,,,,,,,,,,,,,,,,,,,,experimental_garden,fresh,"2020-09-04","USA: Oregon, Corvallis","44.587894 -123.192683","62 meter","4 C",,,"0.1",,,,,,,,,,,,,,,,,6.88,"2419.11 mg/kg","469.368 mg/kg","550.042 mg/kg","0.121 Percent","614 ppm","1780.6 ppm","26.6335 mg/kg","3.4032 mg/kg","4.7875 mg/kg","4.642 mg/kg","3.2 mg/kg"
Bio-Scales:8bac7998-a880-45dc-9f9c-d70a387ed3f1,GW-9591-CO3_35_48_54,natural organic matter,soil,,anthropogenic terrestrial biome [ENVO:01000219],agricultural field [ENVO:00000114],agricultural soil [ENVO:00002259],Environmental,Terrestrial,Soil,Bulk soil,Agricultural soil,,,,,,,,,,,,,,,,,,,,,,,,,,,,,,,,,,,,,,,,,,,,,,,,,,,,,,,,experimental_garden,fresh,"2020-09-04","USA: Oregon, Corvallis","44.587894 -123.192683","62 meter","4 C",,,"0.1",,,,,,,,,,,,,,,,,6.88,"2267.67 mg/kg","456.284 mg/kg","491.482 mg/kg","0.141 Percent","576 ppm","1670.4 ppm","24.8096 mg/kg","3.1935 mg/kg","3.866 mg/kg","2.2445 mg/kg","0.293 mg/kg"
Bio-Scales:db1142da-86c9-44b5-be1a-2688953f207f,SKWA-24-3-CL2_69_25_99,natural organic matter,soil,,anthropogenic terrestrial biome [ENVO:01000219],agricultural field [ENVO:00000114],agricultural soil [ENVO:00002259],Environmental,Terrestrial,Soil,Bulk soil,Agricultural soil,,,,,,,,,,,,,,,,,,,,,,,,,,,,,,,,,,,,,,,,,,,,,,,,,,,,,,,,experimental_garden,fresh,"2020-09-09","USA: Oregon, Clatskanie","46.120971 -123.270935","62 meter","4 C",,,"0.1",,,,,,,,,,,,,,,,,5.13,"2288.44 mg/kg","450.128 mg/kg","272.768 mg/kg","0.491 Percent","1315 ppm","3813.5 ppm","39.2999 mg/kg","9.2886 mg/kg","10.138 mg/kg","33.2955 mg/kg","0 mg/kg"
Bio-Scales:f66592d9-3ffd-4d18-b1a4-bb6aa69e4153,SKWA-24-3-CO1_3_5_14,natural organic matter,soil,,anthropogenic terrestrial biome [ENVO:01000219],agricultural field [ENVO:00000114],agricultural soil [ENVO:00002259],Environmental,Terrestrial,Soil,Bulk soil,Agricultural soil,,,,,,,,,,,,,,,,,,,,,,,,,,,,,,,,,,,,,,,,,,,,,,,,,,,,,,,,experimental_garden,fresh,"2020-09-04","USA: Oregon, Corvallis","44.588348 -123.19403","62 meter","4 C",,,"0.1",,,,,,,,,,,,,,,,,6.6,"2484.13 mg/kg","457.321 mg/kg","200.324 mg/kg","0.309 Percent","624 ppm","1809.6 ppm","30.0327 mg/kg","3.9728 mg/kg","3.524 mg/kg","2.111 mg/kg","0 mg/kg"
Bio-Scales:3784d056-1f79-43d4-b377-cb463baadf54,SKWA-24-3-CO2_41_10_34,natural organic matter,soil,,anthropogenic terrestrial biome [ENVO:01000219],agricultural field [ENVO:00000114],agricultural soil [ENVO:00002259],Environmental,Terrestrial,Soil,Bulk soil,Agricultural soil,,,,,,,,,,,,,,,,,,,,,,,,,,,,,,,,,,,,,,,,,,,,,,,,,,,,,,,,experimental_garden,fresh,"2020-09-04","USA: Oregon, Corvallis","44.587826 -123.193839","62 meter","4 C",,,"0.1",,,,,,,,,,,,,,,,,6.77,"2015.2 mg/kg","400.552 mg/kg","165.924 mg/kg","0.31 Percent","455 ppm","1319.5 ppm","16.7989 mg/kg","2.2483 mg/kg","2.6175 mg/kg","1.3215 mg/kg","0 mg/kg"
Bio-Scales:ac46e338-fbd5-4660-b84a-2880ae735d54,SKWA-24-3-CO3_23_35_55,natural organic matter,soil,,anthropogenic terrestrial biome [ENVO:01000219],agricultural field [ENVO:00000114],agricultural soil [ENVO:00002259],Environmental,Terrestrial,Soil,Bulk soil,Agricultural soil,,,,,,,,,,,,,,,,,,,,,,,,,,,,,,,,,,,,,,,,,,,,,,,,,,,,,,,,experimental_garden,fresh,"2020-09-03","USA: Oregon, Corvallis","44.588067 -123.193099","62 meter","4 C",,,"0.1",,,,,,,,,,,,,,,,,6.7,"2273.27 mg/kg","434.138 mg/kg","152.089 mg/kg","0.111 Percent","540 ppm","1566 ppm","21.1449 mg/kg","2.766 mg/kg","4.4405 mg/kg","2.6265 mg/kg","0 mg/kg"
Bio-Scales:1838b9a4-ca85-4ef9-8d25-36cddd1be0a9,SKWD-24-1-CL2_58_25_100,natural organic matter,soil,,anthropogenic terrestrial biome [ENVO:01000219],agricultural field [ENVO:00000114],agricultural soil [ENVO:00002259],Environmental,Terrestrial,Soil,Bulk soil,Agricultural soil,,,,,,,,,,,,,,,,,,,,,,,,,,,,,,,,,,,,,,,,,,,,,,,,,,,,,,,,experimental_garden,fresh,"2020-09-09","USA: Oregon, Clatskanie","46.121006 -123.270477","62 meter","4 C",,,"0.1",,,,,,,,,,,,,,,,,5.04,"1894.76 mg/kg","396.634 mg/kg","308.116 mg/kg","0.448 Percent","1326 ppm","3845.4 ppm","37.8744 mg/kg","6.697 mg/kg","9.8355 mg/kg","13.174 mg/kg","0 mg/kg"
Bio-Scales:54cdc638-4e95-4edd-bc11-d062591f7412,SKWD-24-1-CO1_7_5_15,natural organic matter,soil,,anthropogenic terrestrial biome [ENVO:01000219],agricultural field [ENVO:00000114],agricultural soil [ENVO:00002259],Environmental,Terrestrial,Soil,Bulk soil,Agricultural soil,,,,,,,,,,,,,,,,,,,,,,,,,,,,,,,,,,,,,,,,,,,,,,,,,,,,,,,,experimental_garden,fresh,"2020-09-05","USA: Oregon, Corvallis","44.588286 -123.194027","62 meter","4 C",,,"0.1",,,,,,,,,,,,,,,,,6.72,"2206.82 mg/kg","448.931 mg/kg","173.027 mg/kg","0.298 Percent","514 ppm","1490.6 ppm","20.7862 mg/kg","2.4845 mg/kg","2.9575 mg/kg","0.983 mg/kg","0 mg/kg"
Bio-Scales:7c2b0d64-fb2b-49b4-ba1b-f85a8bce7e6e,SKWD-24-1-CO2_54_22_35,natural organic matter,soil,,anthropogenic terrestrial biome [ENVO:01000219],agricultural field [ENVO:00000114],agricultural soil [ENVO:00002259],Environmental,Terrestrial,Soil,Bulk soil,Agricultural soil,,,,,,,,,,,,,,,,,,,,,,,,,,,,,,,,,,,,,,,,,,,,,,,,,,,,,,,,experimental_garden,fresh,"2020-09-05","USA: Oregon, Corvallis","44.587646 -123.193454","62 meter","4 C",,,"0.1",,,,,,,,,,,,,,,,,6.71,"1757.29 mg/kg","324.19 mg/kg","219.846 mg/kg","0.306 Percent","408 ppm","1183.2 ppm","15.2033 mg/kg","2.9199 mg/kg","2.7195 mg/kg","0.316 mg/kg","0 mg/kg"
Bio-Scales:a49e8b9b-473f-4c2f-b189-2a67645db49c,SKWD-24-1-CO2_54_22_36,natural organic matter,soil,,anthropogenic terrestrial biome [ENVO:01000219],agricultural field [ENVO:00000114],agricultural soil [ENVO:00002259],Environmental,Terrestrial,Soil,Bulk soil,Agricultural soil,,,,,,,,,,,,,,,,,,,,,,,,,,,,,,,,,,,,,,,,,,,,,,,,,,,,,,,,experimental_garden,fresh,"2020-09-05","USA: Oregon, Corvallis","44.587646 -123.193454","62 meter","4 C",,,"0.1",,,,,,,,,,,,,,,,,6.74,"1872.06 mg/kg","366.281 mg/kg","262.193 mg/kg","0.38 Percent","405 ppm","1174.5 ppm","17.4063 mg/kg","3.5127 mg/kg","3.261 mg/kg","0.4465 mg/kg","0 mg/kg"
Bio-Scales:2276da0b-fd09-40bf-91fc-df96ea6bb5e3,SKWD-24-1-CO3_24_32_56,natural organic matter,soil,,anthropogenic terrestrial biome [ENVO:01000219],agricultural field [ENVO:00000114],agricultural soil [ENVO:00002259],Environmental,Terrestrial,Soil,Bulk soil,Agricultural soil,,,,,,,,,,,,,,,,,,,,,,,,,,,,,,,,,,,,,,,,,,,,,,,,,,,,,,,,experimental_garden,fresh,"2020-09-05","USA: Oregon, Corvallis","44.588049 -123.193187","62 meter","4 C",,,"0.1",,,,,,,,,,,,,,,,,6.44,"1414.83 mg/kg","289.001 mg/kg","109.268 mg/kg","0.05 Percent","309 ppm","896.1 ppm","9.5918 mg/kg","1.1197 mg/kg","2.6065 mg/kg","0.3755 mg/kg","0 mg/kg"
